Workbook

Sheet README
A1: NP-MT-RNM interaction corpus
A2: Supplementary Data 1 to: Workineh Z.G., Chemorion F.K. & Noailly J. A systems-level network model reveals mechanical regulation of nucleus pulposus cell states.
A4: What this file contains
A5: Content | B5: The literature-curated regulatory interactions of the nucleus pulposus (NP) mechanotransduction regulatory network model (RNM): one row per directed, signed interaction, with the supporting experimental context and references.
A6: Interactions | B6: =COUNTA(Interactions!A:A)-1 -> 353
A7: Nodes with at least one interaction | B7: 146
A8: Model and code | B8: Model, simulation code and SBML: np-mt-rnm, https://doi.org/10.5281/zenodo.23195857. Interactive web application: np-mt-rnm-web, https://doi.org/10.5281/zenodo.23204747.
A10: Sheets
A11: Interactions | B11: One row per interaction (source → target), its regulation and sign, functional modules, experimental context as reported, references with DOI/PMID, evidence notes and retraction screen.
A12: Summary statistics | B12: Counts by cell type, species, experimental setting and functional module, with charts. All values are formulas on 'Interactions'.
A13: Evidence review | B13: 37 interactions whose supporting evidence was added or re-examined during curation, with the evidence class and its limitations.
A14: Retraction screen | B14: Crossref check of every cited DOI for retraction, withdrawal or expression-of-concern notices.
A16: Columns of 'Interactions'
A17: Interaction ID | B17: Stable identifier NPMT-I001 … NPMT-I353.
A18: Source / Target | B18: Regulator and regulated node, using the node names of the model (Supplementary Table S1). Suffixes -M and -E denote Normal- and Hyper-loading state variables of the same molecule.
A19: Regulation / Sign | B19: activation (+1) or inhibition (−1). Sign is derived from Regulation.
A20: Source / Target module | B20: Primary functional module of each node, as used in the manuscript's figures.
A21: Cell type, Experimental model, Culture (as reported) | B21: Experimental context of the supporting evidence, as recorded during curation. 'Not reported' where it was not recorded.
A22: Cell-type group / Species group / Culture group | B22: Harmonised groups used for the summary statistics (definitions below).
A23: Reference(s) | B23: Full citation(s) of the supporting publication(s). DOI(s) and PMID(s) are extracted into their own columns; the first DOI is a link.
A24: Evidence note | B24: Evidence class and limitation for the 37 reviewed interactions (highlighted).
A25: Retraction screen | B25: Result of the Crossref check for the DOI(s) in that row.
A26: Also cited in falsification benchmark | B26: Marks the interactions whose reference is also cited in the falsification benchmark (Supplementary Table S2).
A28: Definitions
A29: Unit of observation | B29: An interaction (row). One publication can support several interactions, so percentages describe interactions, not publications.
A30: Cell-type group | B30: Any NP / nucleus pulposus label (including NP/chondrocyte) → NP. Otherwise chondrocyte or cartilage → Chondrocyte / cartilage. All other, general or missing labels → Other / not reported.
A31: Species group | B31: Human, human + animal and recognised human cell lines → Human. Otherwise rat, mouse or murine → Animal. All other species and unspecified → Other / unspecified.
A32: Culture group | B32: In vitro, Ex vivo or In vivo when only one setting is recorded; Mixed when several are; Not reported when the field is empty.
A34: Limitations
A35: Evidence strength | B35: Most interactions are supported by direct experimental evidence in NP cells, chondrocytes or related cells. A minority rely on indirect, pathway-level, contextual or conflicting evidence; these are listed in 'Evidence review'. The presence of a reference is not by itself proof of the modelled sign.
A36: Experimental context | B36: Cell type, model and culture were not recorded for every interaction (see the 'Not reported' counts in 'Summary statistics').
A37: References without DOI | B37: Could not be included in the automated retraction screen.
A39: How to cite
A40: Paper | B40: Workineh Z.G., Chemorion F.K. & Noailly J. A systems-level network model reveals mechanical regulation of nucleus pulposus cell states. (2026).
A41: Software and data | B41: Workineh Z.G., Chemorion F.K. & Noailly J. np-mt-rnm. Zenodo (2026). https://doi.org/10.5281/zenodo.23195857
A42: Version | B42: Corpus of 353 interactions; file generated 2026-10-11.

Sheet Interactions
A1: Interaction ID | B1: Source | C1: Regulation | D1: Target | E1: Sign | F1: Source module | G1: Target module | H1: Cell type (as reported) | I1: Cell-type group | J1: Experimental model (as reported) | K1: Species group | L1: Culture (as reported) | M1: Culture group | N1: Reference(s) | O1: DOI(s) | P1: PMID(s) | Q1: Evidence note | R1: Retraction screen | S1: Also cited in falsification benchmark (Table S2)
A2: NPMT-I001 | B2: HIF-1α | C2: activation | D2: ACAN | E2: =IF(C2="inhibition",-1,1) -> 1 | F2: Transcription Factors | G2: ECM anabolism & phenotype markers | H2: Nucleus pulposus | I2: NP / nucleus pulposus | J2: Human NP cells | K2: Human | L2: In vitro | M2: In vitro | N2: Liu Z, Li C, Meng X, Bai Y, Qi J, Wang J, Zhou Q, Zhang W, Zhang X. Hypoxia-inducible factor-1α mediates aggrecan and collagen II expression via NOTCH1 signaling in nucleus pulposus cells during intervertebral disc degeneration. Biochem Biophys Res Commun. 2017;488(3):554-561. doi: 10.1016/j.bbrc.2017.05.086. PMID: 28526405. | O2: 10.1016/j.bbrc.2017.05.086 | P2: 28526405 | Q2: Supported in NP — HIF-1α overexpression increased aggrecan | R2: No notice found
A3: NPMT-I002 | B3: PPARγ | C3: activation | D3: ACAN | E3: =IF(C3="inhibition",-1,1) -> 1 | F3: Transcription Factors | G3: ECM anabolism & phenotype markers | H3: NP | I3: NP / nucleus pulposus | J3: Human/Rat | K3: Human | L3: 2D, in vitro | M3: In vitro | N3: Cheng P, Wei HZ, Chen HW, Wang ZQ, Mao P, Zhang HH. DNMT3a-mediated methylation of PPARγ promote intervertebral disc degeneration by regulating the NF-κB pathway. J Cell Mol Med. 2024 Jan;28(2):e18048. doi: 10.1111/jcmm.18048. Epub 2023 Nov 20. PMID: 37986543; PMCID: PMC10826446. | O3: 10.1111/jcmm.18048 | P3: 37986543 | R3: No notice found
A4: NPMT-I003 | B4: SOX9 | C4: activation | D4: ACAN | E4: =IF(C4="inhibition",-1,1) -> 1 | F4: Transcription Factors | G4: ECM anabolism & phenotype markers | H4: NP | I4: NP / nucleus pulposus | J4: rat | K4: Animal | L4: 3D, in vitro | M4: In vitro | N4: Cheng CC, Uchiyama Y, Hiyama A, Gajghate S, Shapiro IM, Risbud MV. PI3K/AKT regulates aggrecan gene expression by modulating Sox9 expression and activity in nucleus pulposus cells of the intervertebral disc. J Cell Physiol. 2009 Dec;221(3):668-76. doi: 10.1002/jcp.21904. PMID: 19711351; PMCID: PMC3042319. | O4: 10.1002/jcp.21904 | P4: 19711351 | R4: No notice found
A5: NPMT-I004 | B5: HIF-2α | C5: activation | D5: ADAMTS4/5 | E5: =IF(C5="inhibition",-1,1) -> 1 | F5: Transcription Factors | G5: Cytokines, chemokines, proteases & others | H5: NP | I5: NP / nucleus pulposus | J5: human | K5: Human | L5: 2D, in vitro | M5: In vitro | N5: Huang Y, Wang Y, Wu C, Tian W. Elevated expression of hypoxia-inducible factor-2alpha regulated catabolic factors during intervertebral disc degeneration. Life Sci. 2019 Sep 1;232:116565. doi: 10.1016/j.lfs.2019.116565. Epub 2019 Jun 26. PMID: 31251999. | O5: 10.1016/j.lfs.2019.116565 | P5: 31251999 | R5: No notice found
A6: NPMT-I005 | B6: JNK | C6: activation | D6: ADAMTS4/5 | E6: =IF(C6="inhibition",-1,1) -> 1 | F6: MAPK & stress-activated kinases | G6: Cytokines, chemokines, proteases & others | H6: NP | I6: NP / nucleus pulposus | J6: human | K6: Human | L6: 2d, in vitro | M6: In vitro | N6: Li JK, Nie L, Zhao YP, Zhang YQ, Wang X, Wang SS, Liu Y, Zhao H, Cheng L. IL-17 mediates inflammatory reactions via p38/c-Fos and JNK/c-Jun activation in an AP-1-dependent manner in human nucleus pulposus cells. J Transl Med. 2016 Mar 17;14:77. doi: 10.1186/s12967-016-0833-9. PMID: 26988982; PMCID: PMC4794827. | O6: 10.1186/s12967-016-0833-9 | P6: 26988982 | R6: No notice found
A7: NPMT-I006 | B7: NF-κB | C7: activation | D7: ADAMTS4/5 | E7: =IF(C7="inhibition",-1,1) -> 1 | F7: Transcription Factors | G7: Cytokines, chemokines, proteases & others | H7: NP | I7: NP / nucleus pulposus | J7: Human | K7: Human | L7: 2D, in vitro | M7: In vitro | N7: Sun Z, Yin Z, Liu C, Liang H, Jiang M, Tian J. IL-1β promotes ADAMTS enzyme-mediated aggrecan degradation through NF-κB in human intervertebral disc. J Orthop Surg Res. 2015 Oct 6;10:159. doi: 10.1186/s13018-015-0296-3. PMID: 26438479; PMCID: PMC4594913. | O7: 10.1186/s13018-015-0296-3 | P7: 26438479 | R7: No notice found
A8: NPMT-I007 | B8: P38 | C8: activation | D8: ADAMTS4/5 | E8: =IF(C8="inhibition",-1,1) -> 1 | F8: MAPK & stress-activated kinases | G8: Cytokines, chemokines, proteases & others | H8: Chondrocytes | I8: Chondrocyte / cartilage | J8: Human osteoarthritic chondrocytes | K8: Human | L8: In vitro | M8: In vitro | N8: Xue J, Wang J, Liu Q, Luo A. Tumor necrosis factor-α induces ADAMTS-4 expression in human osteoarthritis chondrocytes. Mol Med Rep. 2013;8(6):1755-1760. doi: 10.3892/mmr.2013.1729. PMID: 24126638. | O8: 10.3892/mmr.2013.1729 | P8: 24126638 | Q8: Partial: ADAMTS4 only — p38 dependent TNF-α induction of ADAMTS4; NOT demonstrated for ADAMTS5 | R8: No notice found
A9: NPMT-I008 | B9: PPARγ | C9: inhibition | D9: ADAMTS4/5 | E9: =IF(C9="inhibition",-1,1) -> -1 | F9: Transcription Factors | G9: Cytokines, chemokines, proteases & others | H9: NP | I9: NP / nucleus pulposus | J9: Human/Rat | K9: Human | L9: 2D, in vitro | M9: In vitro | N9: Cheng P, Wei HZ, Chen HW, Wang ZQ, Mao P, Zhang HH. DNMT3a-mediated methylation of PPARγ promote intervertebral disc degeneration by regulating the NF-κB pathway. J Cell Mol Med. 2024 Jan;28(2):e18048. doi: 10.1111/jcmm.18048. Epub 2023 Nov 20. PMID: 37986543; PMCID: PMC10826446. | O9: 10.1111/jcmm.18048 | P9: 37986543 | R9: No notice found
A10: NPMT-I009 | B10: mTORC2 | C10: activation | D10: AKT1-E | E10: =IF(C10="inhibition",-1,1) -> 1 | F10: Metabolic & related | G10: Metabolic & related | H10: NP | I10: NP / nucleus pulposus | J10: human | K10: Human | L10: 2D, in vitro | M10: In vitro | N10: Ito M, Yurube T, Kakutani K, Maeno K, Takada T, Terashima Y, Kakiuchi Y, Takeoka Y, Miyazaki S, Kuroda R, Nishida K. Selective interference of mTORC1/RAPTOR protects against human disc cellular apoptosis, senescence, and extracellular matrix catabolism with Akt and autophagy induction. Osteoarthritis Cartilage. 2017 Dec;25(12):2134-2146. doi: 10.1016/j.joca.2017.08.019. Epub 2017 Sep 6. PMID: 28888905. | O10: 10.1016/j.joca.2017.08.019 | P10: 28888905 | R10: No notice found
A11: NPMT-I010 | B11: PDK1-E | C11: activation | D11: AKT1-E | E11: =IF(C11="inhibition",-1,1) -> 1 | F11: Metabolic & related | G11: Metabolic & related | H11: Not reported | I11: Other / not reported | J11: Not reported | K11: Other / unspecified | L11: Not reported | M11: Not reported | N11: Dangelmaier C, Manne BK, Liverani E, Jin J, Bray P, Kunapuli SP. PDK1 selectively phosphorylates Thr(308) on Akt and contributes to human platelet functional responses. Thromb Haemost. 2014 Mar 3;111(3):508-17. doi: 10.1160/TH13-06-0484. Epub 2013 Dec 19. PMID: 24352480; PMCID: PMC4079046. | O11: 10.1160/th13-06-0484 | P11: 24352480 | R11: No notice found
A12: NPMT-I011 | B12: PIP3-M | C12: inhibition | D12: AKT1-E | E12: =IF(C12="inhibition",-1,1) -> -1 | F12: Metabolic & related | G12: Metabolic & related | H12: Not reported | I12: Other / not reported | J12: Not reported | K12: Other / unspecified | L12: Not reported | M12: Not reported | N12: Stokoe D, Stephens LR, Copeland T, Gaffney PR, Reese CB, Painter GF, Holmes AB, McCormick F, Hawkins PT. Dual role of phosphatidylinositol-3,4,5-trisphosphate in the activation of protein kinase B. Science. 1997;277(5325):567-570. doi: 10.1126/science.277.5325.567. PMID: 9228007. | O12: 10.1126/science.277.5325.567 | P12: 9228007 | Q12: Contextual; direction conflicts — PIP3 recruits and promotes activation of AKT; no M-to-E cross-compartment inhibition shown. Cited because it directly studies PIP3 and AKT1, but it supports activation and does not validate negative sign or M/E topology | R12: No notice found
A13: NPMT-I012 | B13: mTORC2 | C13: activation | D13: AKT1-M | E13: =IF(C13="inhibition",-1,1) -> 1 | F13: Metabolic & related | G13: Metabolic & related | H13: NP | I13: NP / nucleus pulposus | J13: human | K13: Human | L13: 2D, in vitro | M13: In vitro | N13: Ito M, Yurube T, Kakutani K, Maeno K, Takada T, Terashima Y, Kakiuchi Y, Takeoka Y, Miyazaki S, Kuroda R, Nishida K. Selective interference of mTORC1/RAPTOR protects against human disc cellular apoptosis, senescence, and extracellular matrix catabolism with Akt and autophagy induction. Osteoarthritis Cartilage. 2017 Dec;25(12):2134-2146. doi: 10.1016/j.joca.2017.08.019. Epub 2017 Sep 6. PMID: 28888905. | O13: 10.1016/j.joca.2017.08.019 | P13: 28888905 | R13: No notice found
A14: NPMT-I013 | B14: PDK1-M | C14: activation | D14: AKT1-M | E14: =IF(C14="inhibition",-1,1) -> 1 | F14: Metabolic & related | G14: Metabolic & related | H14: Not reported | I14: Other / not reported | J14: Not reported | K14: Other / unspecified | L14: Not reported | M14: Not reported | N14: Dangelmaier C, Manne BK, Liverani E, Jin J, Bray P, Kunapuli SP. PDK1 selectively phosphorylates Thr(308) on Akt and contributes to human platelet functional responses. Thromb Haemost. 2014 Mar 3;111(3):508-17. doi: 10.1160/TH13-06-0484. Epub 2013 Dec 19. PMID: 24352480; PMCID: PMC4079046. | O14: 10.1160/th13-06-0484 | P14: 24352480 | R14: No notice found
A15: NPMT-I014 | B15: PIP3-E | C15: inhibition | D15: AKT1-M | E15: =IF(C15="inhibition",-1,1) -> -1 | F15: Metabolic & related | G15: Metabolic & related | H15: Not reported | I15: Other / not reported | J15: Not reported | K15: Other / unspecified | L15: Not reported | M15: Not reported | N15: Stokoe D, Stephens LR, Copeland T, Gaffney PR, Reese CB, Painter GF, Holmes AB, McCormick F, Hawkins PT. Dual role of phosphatidylinositol-3,4,5-trisphosphate in the activation of protein kinase B. Science. 1997;277(5325):567-570. doi: 10.1126/science.277.5325.567. PMID: 9228007. | O15: 10.1126/science.277.5325.567 | P15: 9228007 | Q15: Contextual; direction conflicts — PIP3 recruits and promotes activation of AKT; no E-to-M cross-compartment inhibition shown. Same primary paper supports generic PIP3–AKT molecular interaction, not negative sign or compartment-specific effect | R15: No notice found
A16: NPMT-I015 | B16: Ca2+os | C16: activation | D16: AMPK | E16: =IF(C16="inhibition",-1,1) -> 1 | F16: Ion channels & related | G16: Metabolic & related | H16: Not reported | I16: Other / not reported | J16: Not reported | K16: Other / unspecified | L16: Not reported | M16: Not reported | N16: Woods A, Dickerson K, Heath R, et al. Ca2+/calmodulin-dependent protein kinase kinase-beta acts upstream of AMP-activated protein kinase in mammalian cells. Cell Metab. 2005;2(1):21-33. doi: 10.1016/j.cmet.2005.06.005. PMID: 16054096. | O16: 10.1016/j.cmet.2005.06.005 | P16: 16054096 | Q16: Indirect mechanistic support — Ca2+ can activate AMPK via CaMKKβ; osmotic compartment not tested. | R16: No notice found
A17: NPMT-I016 | B17: LKB1 | C17: activation | D17: AMPK | E17: =IF(C17="inhibition",-1,1) -> 1 | F17: Metabolic & related | G17: Metabolic & related | H17: Chondrocyte | I17: Chondrocyte / cartilage | J17: mouse | K17: Animal | L17: 2D, in vitro | M17: In vitro | N17: Petursson F, Husa M, June R, Lotz M, Terkeltaub R, Liu-Bryan R. Linked decreases in liver kinase B1 and AMP-activated protein kinase activity modulate matrix catabolic responses to biomechanical injury in chondrocytes. Arthritis Res Ther. 2013 Jul 25;15(4):R77. doi: 10.1186/ar4254. PMID: 23883619; PMCID: PMC3979085. | O17: 10.1186/ar4254 | P17: 23883619 | R17: No notice found
A18: NPMT-I017 | B18: ROS | C18: activation | D18: AMPK | E18: =IF(C18="inhibition",-1,1) -> 1 | F18: Oxidative-stress defense & proteostasis | G18: Metabolic & related | H18: Other cells | I18: Other / not reported | J18: Mouse embryonic fibroblasts / osteosarcoma cells | K18: Animal | L18: In vitro | M18: In vitro | N18: Emerling BM, Weinberg F, Snyder C, Burgess Z, Mutlu GM, Viollet B, Budinger GRS, Chandel NS. Hypoxic activation of AMPK is dependent on mitochondrial ROS but independent of an increase in AMP/ATP ratio. Free Radic Biol Med. 2009;46(10):1386-1391. doi: 10.1016/j.freeradbiomed.2009.02.019. PMID: 19268526. | O18: 10.1016/j.freeradbiomed.2009.02.019 | P18: 19268526 | Q18: Supported in other cells — ROS-dependent AMPK activation in hypoxic cultured cells; not NP-specific | R18: No notice found
A19: NPMT-I018 | B19: mTORC1 | C19: inhibition | D19: AMPK | E19: =IF(C19="inhibition",-1,1) -> -1 | F19: Metabolic & related | G19: Metabolic & related | H19: Not reported | I19: Other / not reported | J19: Not reported | K19: Other / unspecified | L19: Not reported | M19: Not reported | N19: Ling NXY, Kaczmarek A, Hoque A, Davie E, Ngoei KRW, Morrison KR, Smiles WJ, Forte GM, Wang T, Lie S, Dite TA, Langendorf CG, Scott JW, Oakhill JS, Petersen J. mTORC1 directly inhibition AMPK to promote cell proliferation under nutrient stress. Nat Metab. 2020 Jan;2(1):41-49. doi: 10.1038/s42255-019-0157-1. Epub 2020 Jan 20. PMID: 31993556; PMCID: PMC6986917. | O19: 10.1038/s42255-019-0157-1 | P19: 31993556 | R19: No notice found
A20: NPMT-I019 | B20: CREB | C20: activation | D20: ANXA1 | E20: =IF(C20="inhibition",-1,1) -> 1 | F20: Transcription Factors | G20: Other / unclassified | H20: General | I20: Other / not reported | J20: Not reported | K20: Other / unspecified | L20: Not reported | M20: Not reported | N20: Antonicelli F, De Coupade C, Russo-Marie F, Le Garrec Y. CREB is involved in mouse annexin A1 regulation by cAMP and glucocorticoids. Eur J Biochem. 2001 Jan;268(1) | R20: Not screened (no DOI)
A21: NPMT-I020 | B21: ERK-E | C21: activation | D21: AP-1 | E21: =IF(C21="inhibition",-1,1) -> 1 | F21: MAPK & stress-activated kinases | G21: Transcription Factors | H21: Chondrocyte | I21: Chondrocyte / cartilage | J21: rat | K21: Animal | L21: Not reported | M21: Not reported | N21: Papachristou DJ, Pirttiniemi P, Kantomaa T, Papavassiliou AG, Basdra EK. JNK/ERK-AP-1/Runx2 induction "paves the way" to cartilage load-ignited chondroblastic differentiation. Histochem Cell Biol. 2005 Sep;124(3-4):215-23. doi: 10.1007/s00418-005-0026-8. Epub 2005 Oct 28. PMID: 16041628. | O21: 10.1007/s00418-005-0026-8 | P21: 16041628 | R21: No notice found
A22: NPMT-I021 | B22: JNK | C22: activation | D22: AP-1 | E22: =IF(C22="inhibition",-1,1) -> 1 | F22: MAPK & stress-activated kinases | G22: Transcription Factors | H22: NP | I22: NP / nucleus pulposus | J22: human | K22: Human | L22: 2d, in vitro | M22: In vitro | N22: Li JK, Nie L, Zhao YP, Zhang YQ, Wang X, Wang SS, Liu Y, Zhao H, Cheng L. IL-17 mediates inflammatory reactions via p38/c-Fos and JNK/c-Jun activation in an AP-1-dependent manner in human nucleus pulposus cells. J Transl Med. 2016 Mar 17;14:77. doi: 10.1186/s12967-016-0833-9. PMID: 26988982; PMCID: PMC4794827. | O22: 10.1186/s12967-016-0833-9 | P22: 26988982 | R22: No notice found
A23: NPMT-I022 | B23: P38 | C23: activation | D23: AP-1 | E23: =IF(C23="inhibition",-1,1) -> 1 | F23: MAPK & stress-activated kinases | G23: Transcription Factors | H23: NP | I23: NP / nucleus pulposus | J23: human | K23: Human | L23: 2d, in vitro | M23: In vitro | N23: Li JK, Nie L, Zhao YP, Zhang YQ, Wang X, Wang SS, Liu Y, Zhao H, Cheng L. IL-17 mediates inflammatory reactions via p38/c-Fos and JNK/c-Jun activation in an AP-1-dependent manner in human nucleus pulposus cells. J Transl Med. 2016 Mar 17;14:77. doi: 10.1186/s12967-016-0833-9. PMID: 26988982; PMCID: PMC4794827. | O23: 10.1186/s12967-016-0833-9 | P23: 26988982 | R23: No notice found
A24: NPMT-I023 | B24: PPARγ | C24: inhibition | D24: AP-1 | E24: =IF(C24="inhibition",-1,1) -> -1 | F24: Transcription Factors | G24: Transcription Factors | H24: chondrocyte | I24: Chondrocyte / cartilage | J24: Human | K24: Human | L24: 2D, in vitro | M24: In vitro | N24: Fahmi H, Di Battista JA, Pelletier JP, Mineau F, Ranger P, Martel-Pelletier J. Peroxisome proliferator--activated receptor gamma activators inhibit interleukin-1beta-induced nitric oxide and matrix metalloproteinase 13 production in human chondrocytes. Arthritis Rheum. 2001 Mar;44(3):595-607. doi: 10.1002/1529-0131(200103)44:3<595::AID-ANR108>3.0.CO;2-8. PMID: 11263774. | O24: 10.1002/1529-0131(200103)44:3<595::aid-anr108>3.0.co;2-8 | P24: 11263774 | R24: No notice found
A25: NPMT-I024 | B25: SOX9 | C25: inhibition | D25: AP-1 | E25: =IF(C25="inhibition",-1,1) -> -1 | F25: Transcription Factors | G25: Transcription Factors | H25: Chondrocytes; epidermal stem cells | I25: Chondrocyte / cartilage | J25: Mouse chondrocytes; epidermal stem cells | K25: Animal | L25: In vivo / in vitro | M25: Mixed | N25: He X, Ohba S, Hojo H, McMahon AP. AP-1 family members act with Sox9 to promote chondrocyte hypertrophy. Development. 2016;143(16):3012-3023. doi: 10.1242/dev.134502. PMID: 27471255. Yang Y, Gomez N, Infarinato N, et al. The pioneer factor SOX9 competes for epigenetic factors to switch stem cell fates. Nat Cell Biol. 2023;25:1185-1195. doi: 10.1038/s41556-023-01184-y. [Evidence caveat: Context-dependent cooperation or altered occupancy; not general inhibition.] | O25: 10.1242/dev.134502; 10.1038/s41556-023-01184-y | P25: 27471255 | Q25: contextual / conflicting, NOT sign-validated — Context-dependent cooperation or altered occupancy; not general inhibition. | R25: No notice found
A26: NPMT-I025 | B26: HIF-1α | C26: activation | D26: AQP1 | E26: =IF(C26="inhibition",-1,1) -> 1 | F26: Transcription Factors | G26: Ion channels & related | H26: NP | I26: NP / nucleus pulposus | J26: Human/Rat | K26: Human | L26: 2D, in vitro | M26: In vitro | N26: Johnson ZI, Gogate SS, Day R, Binch A, Markova DZ, Chiverton N, Cole A, Conner M, Shapiro IM, Le Maitre CL, Risbud MV. Aquaporin 1 and 5 expression decreases during human intervertebral disc degeneration: Novel HIF-1-mediated regulation of aquaporins in NP cells. Oncotarget. 2015 May 20;6(14):11945-58. doi: 10.18632/oncotarget.3631. PMID: 25844601; PMCID: PMC4494915. | O26: 10.18632/oncotarget.3631 | P26: 25844601 | R26: No notice found
A27: NPMT-I026 | B27: TonEBP | C27: activation | D27: AQP1 | E27: =IF(C27="inhibition",-1,1) -> 1 | F27: Transcription Factors | G27: Ion channels & related | H27: NP | I27: NP / nucleus pulposus | J27: human | K27: Human | L27: 3D, in vitro | M27: In vitro | N27: Snuggs, J.W., Tessier, S., Bunning, R.A.B. et al. TonEBP regulates the hyperosmotic expression of aquaporin 1 and 5 in the intervertebral disc. Sci Rep 11, 3164 (2021). https://doi.org/10.1038/s41598-021-81838-9 | O27: 10.1038/s41598-021-81838-9 | R27: No notice found
A28: NPMT-I027 | B28: ROS | C28: inhibition | D28: AQP1 | E28: =IF(C28="inhibition",-1,1) -> -1 | F28: Oxidative-stress defense & proteostasis | G28: Ion channels & related | H28: General | I28: Other / not reported | J28: Not reported | K28: Other / unspecified | L28: Not reported | M28: Not reported | N28: Sada K, Nishikawa T, Kukidome D, Yoshinaga T, Kajihara N, Sonoda K, Senokuchi T, Motoshima H, Matsumura T, Araki E. Hyperglycemia Induces Cellular Hypoxia through Production of Mitochondrial ROS Followed by Suppression of Aquaporin-1. PLoS One. 2016 Jul 6;11(7):e0158619. doi: 10.1371/journal.pone.0158619. PMID: 27383386; PMCID: PMC4934928. | O28: 10.1371/journal.pone.0158619 | P28: 27383386 | R28: No notice found
A29: NPMT-I028 | B29: HIF-1α | C29: activation | D29: AQP5 | E29: =IF(C29="inhibition",-1,1) -> 1 | F29: Transcription Factors | G29: Ion channels & related | H29: NP | I29: NP / nucleus pulposus | J29: Human/Rat | K29: Human | L29: 2D, in vitro | M29: In vitro | N29: Johnson ZI, Gogate SS, Day R, Binch A, Markova DZ, Chiverton N, Cole A, Conner M, Shapiro IM, Le Maitre CL, Risbud MV. Aquaporin 1 and 5 expression decreases during human intervertebral disc degeneration: Novel HIF-1-mediated regulation of aquaporins in NP cells. Oncotarget. 2015 May 20;6(14):11945-58. doi: 10.18632/oncotarget.3631. PMID: 25844601; PMCID: PMC4494915. | O29: 10.18632/oncotarget.3631 | P29: 25844601 | R29: No notice found
A30: NPMT-I029 | B30: TonEBP | C30: activation | D30: AQP5 | E30: =IF(C30="inhibition",-1,1) -> 1 | F30: Transcription Factors | G30: Ion channels & related | H30: NP | I30: NP / nucleus pulposus | J30: human | K30: Human | L30: 3D, in vitro | M30: In vitro | N30: Snuggs, J.W., Tessier, S., Bunning, R.A.B. et al. TonEBP regulates the hyperosmotic expression of aquaporin 1 and 5 in the intervertebral disc. Sci Rep 11, 3164 (2021). https://doi.org/10.1038/s41598-021-81838-9 | O30: 10.1038/s41598-021-81838-9 | R30: No notice found
A31: NPMT-I030 | B31: ROS | C31: inhibition | D31: AQP5 | E31: =IF(C31="inhibition",-1,1) -> -1 | F31: Oxidative-stress defense & proteostasis | G31: Ion channels & related | H31: General | I31: Other / not reported | J31: Not reported | K31: Other / unspecified | L31: Not reported | M31: Not reported | N31: Mlinarić M, Lučić I, Tomljanović M, Tartaro Bujak I, Milković L, Čipak Gašparović A. AQP3 and AQP5 Modulation in Response to Prolonged Oxidative Stress in Breast Cancer Cell Lines. Antioxidants (Basel). 2024 May 21;13(6):626. doi: 10.3390/antiox13060626. PMID: 38929065; PMCID: PMC11200458. | O31: 10.3390/antiox13060626 | P31: 38929065 | R31: No notice found
A32: NPMT-I031 | B32: JNK | C32: activation | D32: BAD | E32: =IF(C32="inhibition",-1,1) -> 1 | F32: MAPK & stress-activated kinases | G32: Other / unclassified | H32: NP | I32: NP / nucleus pulposus | J32: human | K32: Human | L32: 2d, in vitro | M32: In vitro | N32: Zou M, Chen W, Li J, Qi X, Wang X, Liu F, Hu J, Zhang Q. Apoptosis Signal-Regulated Kinase-1 Promotes Nucleus Pulposus Cell Senescence and Apoptosis to Regulate Intervertebral Disc Degeneration. Am J Pathol. 2024 Sep;194(9):1737-1751. doi: 10.1016/j.ajpath.2024.05.004. Epub 2024 Jun 13. PMID: 38879082. | O32: 10.1016/j.ajpath.2024.05.004 | P32: 38879082 | R32: No notice found
A33: NPMT-I032 | B33: AKT1-M | C33: inhibition | D33: BAD | E33: =IF(C33="inhibition",-1,1) -> -1 | F33: Metabolic & related | G33: Other / unclassified | H33: Cartilage tissue | I33: Chondrocyte / cartilage | J33: Mouse | K33: Animal | L33: In vivo | M33: In vivo | N33: Qian J, Zhao P, Xu Q, Yang W, Cai R. Swimming prevents cell death of chondrocytes via PI3K/AKT pathway in an experimental model. J Orthop Surg Res. 2023 Jun 17;18(1):439. doi: 10.1186/s13018-023-03815-4. PMID: 37328786; PMCID: PMC10276397. | O33: 10.1186/s13018-023-03815-4 | P33: 37328786 | R33: No notice found
A34: NPMT-I033 | B34: ROS | C34: activation | D34: BAX | E34: =IF(C34="inhibition",-1,1) -> 1 | F34: Oxidative-stress defense & proteostasis | G34: Cell survival, apoptosis & mitophagy/DNA-damage | H34: chondrocyte | I34: Chondrocyte / cartilage | J34: rat | K34: Animal | L34: 2D, in vitro | M34: In vitro | N34: Gao G, Ding H, Zhuang C, Fan W. Effects of Hesperidin on H₂O₂-Treated Chondrocytes and Cartilage in a Rat Osteoarthritis Model. Med Sci Monit. 2018 Dec 17;24:9177-9186. doi: 10.12659/MSM.913726. PMID: 30557884; PMCID: PMC6319163. | O34: 10.12659/msm.913726 | P34: 30557884 | R34: No notice found
A35: NPMT-I034 | B35: Bcl2 | C35: inhibition | D35: BAX | E35: =IF(C35="inhibition",-1,1) -> -1 | F35: Cell survival, apoptosis & mitophagy/DNA-damage | G35: Cell survival, apoptosis & mitophagy/DNA-damage | H35: General | I35: Other / not reported | J35: Not reported | K35: Other / unspecified | L35: Not reported | M35: Not reported | N35: Dlugosz PJ, Billen LP, Annis MG, Zhu W, Zhang Z, Lin J, Leber B, Andrews DW. Bcl-2 changes conformation to inhibit Bax oligomerization. EMBO J. 2006 Jun 7;25(11):2287-96. doi: 10.1038/sj.emboj.7601126. Epub 2006 Apr 27. PMID: 16642033; PMCID: PMC1478188. | O35: 10.1038/sj.emboj.7601126 | P35: 16642033 | R35: No notice found
A36: NPMT-I035 | B36: AKT1-E | C36: activation | D36: Bcl2 | E36: =IF(C36="inhibition",-1,1) -> 1 | F36: Metabolic & related | G36: Cell survival, apoptosis & mitophagy/DNA-damage | H36: Cartilage tissue | I36: Chondrocyte / cartilage | J36: Mouse | K36: Animal | L36: In vivo | M36: In vivo | N36: Qian J, Zhao P, Xu Q, Yang W, Cai R. Swimming prevents cell death of chondrocytes via PI3K/AKT pathway in an experimental model. J Orthop Surg Res. 2023 Jun 17;18(1):439. doi: 10.1186/s13018-023-03815-4. PMID: 37328786; PMCID: PMC10276397. | O36: 10.1186/s13018-023-03815-4 | P36: 37328786 | R36: No notice found
A37: NPMT-I036 | B37: AKT1-M | C37: activation | D37: Bcl2 | E37: =IF(C37="inhibition",-1,1) -> 1 | F37: Metabolic & related | G37: Cell survival, apoptosis & mitophagy/DNA-damage | H37: Cartilage tissue | I37: Chondrocyte / cartilage | J37: Mouse | K37: Animal | L37: In vivo | M37: In vivo | N37: Qian J, Zhao P, Xu Q, Yang W, Cai R. Swimming prevents cell death of chondrocytes via PI3K/AKT pathway in an experimental model. J Orthop Surg Res. 2023 Jun 17;18(1):439. doi: 10.1186/s13018-023-03815-4. PMID: 37328786; PMCID: PMC10276397. | O37: 10.1186/s13018-023-03815-4 | P37: 37328786 | R37: No notice found
A38: NPMT-I037 | B38: CREB | C38: activation | D38: Bcl2 | E38: =IF(C38="inhibition",-1,1) -> 1 | F38: Transcription Factors | G38: Cell survival, apoptosis & mitophagy/DNA-damage | H38: chondrocytes | I38: Chondrocyte / cartilage | J38: Mouse | K38: Animal | L38: in vivo | M38: In vivo | N38: Ma Q, Li X, Vale-Cruz D, Brown ML, Beier F, LuValle P. Activating transcription factor 2 controls Bcl-2 promoter activity in growth plate chondrocytes. J Cell Biochem. 2007 May 15;101(2):477-87. doi: 10.1002/jcb.21198. PMID: 17219413. | O38: 10.1002/jcb.21198 | P38: 17219413 | R38: No notice found
A39: NPMT-I038 | B39: PPARγ | C39: activation | D39: Bcl2 | E39: =IF(C39="inhibition",-1,1) -> 1 | F39: Transcription Factors | G39: Cell survival, apoptosis & mitophagy/DNA-damage | H39: NP | I39: NP / nucleus pulposus | J39: Human/Rat | K39: Human | L39: 2D, in vitro | M39: In vitro | N39: Cheng P, Wei HZ, Chen HW, Wang ZQ, Mao P, Zhang HH. DNMT3a-mediated methylation of PPARγ promote intervertebral disc degeneration by regulating the NF-κB pathway. J Cell Mol Med. 2024 Jan;28(2):e18048. doi: 10.1111/jcmm.18048. Epub 2023 Nov 20. PMID: 37986543; PMCID: PMC10826446. | O39: 10.1111/jcmm.18048 | P39: 37986543 | R39: No notice found
A40: NPMT-I039 | B40: BAD | C40: inhibition | D40: Bcl2 | E40: =IF(C40="inhibition",-1,1) -> -1 | F40: Other / unclassified | G40: Cell survival, apoptosis & mitophagy/DNA-damage | H40: General | I40: Other / not reported | J40: Not reported | K40: Other / unspecified | L40: Not reported | M40: Not reported | N40: Kale, J., Osterlund, E. & Andrews, D. BCL-2 family proteins: changing partners in the dance towards death. Cell Death Differ 25, 65–80 (2018). https://doi.org/10.1038/cdd.2017.186 | O40: 10.1038/cdd.2017.186 | R40: No notice found
A41: NPMT-I040 | B41: JNK | C41: inhibition | D41: Bcl2 | E41: =IF(C41="inhibition",-1,1) -> -1 | F41: MAPK & stress-activated kinases | G41: Cell survival, apoptosis & mitophagy/DNA-damage | H41: NP | I41: NP / nucleus pulposus | J41: human | K41: Human | L41: 2d, in vitro | M41: In vitro | N41: Zou M, Chen W, Li J, Qi X, Wang X, Liu F, Hu J, Zhang Q. Apoptosis Signal-Regulated Kinase-1 Promotes Nucleus Pulposus Cell Senescence and Apoptosis to Regulate Intervertebral Disc Degeneration. Am J Pathol. 2024 Sep;194(9):1737-1751. doi: 10.1016/j.ajpath.2024.05.004. Epub 2024 Jun 13. PMID: 38879082. | O41: 10.1016/j.ajpath.2024.05.004 | P41: 38879082 | R41: No notice found
A42: NPMT-I041 | B42: AP-1 | C42: activation | D42: BMP2 | E42: =IF(C42="inhibition",-1,1) -> 1 | F42: Transcription Factors | G42: Growth factors | H42: osteoblast | I42: Other / not reported | J42: murine | K42: Animal | L42: 2D, in vitro | M42: In vitro | N42: Wu, J. B., Fong, Y. C., Tsai, H. Y., Chen, Y. F., Tsuzuki, M., & Tang, C. H. (2008). Naringin-induced bone morphogenetic protein-2 expression via PI3K, Akt, c-Fos/c-Jun and AP-1 pathway in osteoblasts. European journal of pharmacology, 588(2-3), 333-341. | R42: Not screened (no DOI)
A43: NPMT-I042 | B43: NF-κB | C43: activation | D43: BMP2 | E43: =IF(C43="inhibition",-1,1) -> 1 | F43: Transcription Factors | G43: Growth factors | H43: Chondrocyte | I43: Chondrocyte / cartilage | J43: human | K43: Human | L43: 2D/3D, ex vivo/in vitro | M43: Mixed | N43: Sandell LJ, Xing X, Franz C, Davies S, Chang LW, Patra D. Exuberant expression of chemokine genes by adult human articular chondrocytes in response to IL-1beta. Osteoarthritis Cartilage. 2008 Dec;16(12):1560-71. doi: 10.1016/j.joca.2008.04.027. Epub 2008 Jun 18. PMID: 18565769; PMCID: PMC2605974. | O43: 10.1016/j.joca.2008.04.027 | P43: 18565769 | R43: No notice found
A44: NPMT-I043 | B44: RUNX2 | C44: activation | D44: BMP2 | E44: =IF(C44="inhibition",-1,1) -> 1 | F44: Transcription Factors | G44: Growth factors | H44: general | I44: Other / not reported | J44: Not reported | K44: Other / unspecified | L44: Not reported | M44: Not reported | N44: Choi KY, Kim HJ, Lee MH, Kwon TG, Nah HD, Furuichi T, Komori T, Nam SH, Kim YJ, Kim HJ, Ryoo HM. Runx2 regulates FGF2-induced Bmp2 expression during cranial bone development. Dev Dyn. 2005 May;233(1):115-21. doi: 10.1002/dvdy.20323. PMID: 15765505. | O44: 10.1002/dvdy.20323 | P44: 15765505 | R44: No notice found
A45: NPMT-I044 | B45: HIF-1α | C45: activation | D45: BNIP3 | E45: =IF(C45="inhibition",-1,1) -> 1 | F45: Transcription Factors | G45: Cell survival, apoptosis & mitophagy/DNA-damage | H45: NP | I45: NP / nucleus pulposus | J45: rat | K45: Animal | L45: 2D, in vitro | M45: In vitro | N45: Madhu V, Boneski PK, Silagi E, Qiu Y, Kurland I, Guntur AR, Shapiro IM, Risbud MV. Hypoxic Regulation of Mitochondrial Metabolism and Mitophagy in Nucleus Pulposus Cells Is Dependent on HIF-1α-BNIP3 Axis. J Bone Miner Res. 2020 Aug;35(8):1504-1524. doi: 10.1002/jbmr.4019. Epub 2020 May 15. PMID: 32251541; PMCID: PMC7778522. | O45: 10.1002/jbmr.4019 | P45: 32251541 | R45: No notice found
A46: NPMT-I045 | B46: NRF2 | C46: inhibition | D46: BNIP3 | E46: =IF(C46="inhibition",-1,1) -> -1 | F46: Transcription Factors | G46: Cell survival, apoptosis & mitophagy/DNA-damage | H46: Not reported | I46: Other / not reported | J46: Not reported | K46: Other / unspecified | L46: Not reported | M46: Not reported | N46: Riis S, Murray JB, O'Connor R. IGF-1 Signalling Regulates Mitochondria Dynamics and Turnover through a Conserved GSK-3β-Nrf2-BNIP3 Pathway. Cells. 2020 Jan 8;9(1):147. doi: 10.3390/cells9010147. PMID: 31936236; PMCID: PMC7016769. | O46: 10.3390/cells9010147 | P46: 31936236 | R46: No notice found
A47: NPMT-I046 | B47: TRPV4 | C47: activation | D47: Ca2+os | E47: =IF(C47="inhibition",-1,1) -> 1 | F47: Mechanical stimuli & its receptors | G47: Ion channels & related | H47: NP/AF | I47: NP / nucleus pulposus | J47: bovine/human | K47: Human | L47: 2D, in vitro/ex vivo | M47: Mixed | N47: Walter BA, Purmessur D, Moon A, Occhiogrosso J, Laudier DM, Hecht AC, Iatridis JC. Reduced tissue osmolarity increases TRPV4 expression and pro-inflammatory cytokines in intervertebral disc cells. Eur Cell Mater. 2016 Jul 19;32:123-36. doi: 10.22203/ecm.v032a08. PMID: 27434269; PMCID: PMC5072776. | O47: 10.22203/ecm.v032a08 | P47: 27434269 | R47: No notice found
A48: NPMT-I047 | B48: IP3 | C48: activation | D48: Ca2+su | E48: =IF(C48="inhibition",-1,1) -> 1 | F48: Ion channels & related | G48: Ion channels & related | H48: Chondrocytes | I48: Chondrocyte / cartilage | J48: Growth-plate chondrocytes | K48: Other / unspecified | L48: In vitro | M48: In vitro | N48: Ekstein J, Nasatzky E, Boyan BD, Ornoy A, Schwartz Z. Growth-plate chondrocytes respond to 17beta-estradiol with sex-specific increases in IP3 and intracellular calcium ion signalling via a capacitative entry mechanism. Steroids. 2005;70(11):775-786. doi: 10.1016/j.steroids.2005.04.007. PMID: 16005036. | O48: 10.1016/j.steroids.2005.04.007 | P48: 16005036 | Q48: Supported in chondrocytes — IP3 production drives calcium release from endoplasmic reticulum | R48: No notice found
A49: NPMT-I048 | B49: PIEZO1 | C49: activation | D49: Ca2+su | E49: =IF(C49="inhibition",-1,1) -> 1 | F49: Mechanical stimuli & its receptors | G49: Ion channels & related | H49: NP | I49: NP / nucleus pulposus | J49: human | K49: Human | L49: 2D, in vitro | M49: In vitro | N49: Sun Y, Leng P, Song M, Li D, Guo P, Xu X, Gao H, Li Z, Li C, Zhang H. Piezo1 activation the NLRP3 inflammasome in nucleus pulposus cell-mediated by Ca2+/NF-κB pathway. Int Immunopharmacol. 2020 Aug;85:106681. doi: 10.1016/j.intimp.2020.106681. Epub 2020 Jun 8. PMID: 32526681. | O49: 10.1016/j.intimp.2020.106681 | P49: 32526681 | R49: No notice found
A50: NPMT-I049 | B50: Ca2+os | C50: activation | D50: CaMKII | E50: =IF(C50="inhibition",-1,1) -> 1 | F50: Ion channels & related | G50: Ion channels & related | H50: Chondrocyte | I50: Chondrocyte / cartilage | J50: human | K50: Human | L50: 2D, in vitro | M50: In vitro | N50: Nalesso, G., Thorup, AS., Eldridge, S.E. et al. Calcium calmodulin kinase II activity is required for cartilage homeostasis in osteoarthritis. Sci Rep 11, 5682 (2021). https://doi.org/10.1038/s41598-021-82067-w | O50: 10.1038/s41598-021-82067-w | R50: No notice found
A51: NPMT-I050 | B51: Ca2+su | C51: activation | D51: CaN | E51: =IF(C51="inhibition",-1,1) -> 1 | F51: Ion channels & related | G51: Ion channels & related | H51: NP | I51: NP / nucleus pulposus | J51: Human/Rat | K51: Human | L51: 2D, in vitro | M51: In vitro | N51: Huang B, He Y, Li S, Wei X, Liu J, Shan Z, Huang Y, Chen J, Zhao F. The RCAN1.4-calcineurin/NFAT signaling pathway is essential for hypoxic adaption of intervertebral discs. Exp Mol Med. 2020 May;52(5):865-875. doi: 10.1038/s12276-020-0441-x. Epub 2020 May 29. PMID: 32467610; PMCID: PMC7272636. Lin, W., Shi, C., Wang, W., Wu, H., Yang, C., Wang, A., ... & Yuan, W. (2019). Osmolarity and calcium regulate connective tissue growth factor (CTGF/CCN2) expression in nucleus pulposus cells. Gene, 704, 15-24. | O51: 10.1038/s12276-020-0441-x | P51: 32467610 | R51: No notice found
A52: NPMT-I051 | B52: IP3 | C52: activation | D52: CaN | E52: =IF(C52="inhibition",-1,1) -> 1 | F52: Ion channels & related | G52: Ion channels & related | H52: Not reported | I52: Other / not reported | J52: Not reported | K52: Other / unspecified | L52: Not reported | M52: Not reported | N52: Tonks NK, Cohen P. Calcineurin is a calcium ion-dependent, calmodulin-stimulated protein phosphatase. Biochim Biophys Acta. 1983 Sep 14;747(1-2):191-3. doi: 10.1016/0167-4838(83)90140-1. PMID: 6309241. | O52: 10.1016/0167-4838(83)90140-1 | P52: 6309241 | R52: No notice found
A53: NPMT-I052 | B53: CASP9 | C53: activation | D53: CASP3 | E53: =IF(C53="inhibition",-1,1) -> 1 | F53: Cell survival, apoptosis & mitophagy/DNA-damage | G53: Cell survival, apoptosis & mitophagy/DNA-damage | H53: General | I53: Other / not reported | J53: Not reported | K53: Other / unspecified | L53: Not reported | M53: Not reported | N53: Bao, Q., Shi, Y. Apoptosome: a platform for the activation of initiator caspases. Cell Death Differ 14, 56–65 (2007). https://doi.org/10.1038/sj.cdd.4402028 | O53: 10.1038/sj.cdd.4402028 | R53: No notice found
A54: NPMT-I053 | B54: MOMP | C54: activation | D54: CASP9 | E54: =IF(C54="inhibition",-1,1) -> 1 | F54: Cell survival, apoptosis & mitophagy/DNA-damage | G54: Cell survival, apoptosis & mitophagy/DNA-damage | H54: Not reported | I54: Other / not reported | J54: Not reported | K54: Other / unspecified | L54: Not reported | M54: Not reported | N54: Suhaili SH, Karimian H, Stellato M, Lee TH, Aguilar MI. Mitochondrial outer membrane permeabilization: a focus on the role of mitochondrial membrane structural organization. Biophys Rev. 2017 Aug;9(4):443-457. doi: 10.1007/s12551-017-0308-0. Epub 2017 Aug 19. PMID: 28823106; PMCID: PMC5578938. | O54: 10.1007/s12551-017-0308-0 | P54: 28823106 | R54: No notice found
A55: NPMT-I054 | B55: AKT1-M | C55: inhibition | D55: CASP9 | E55: =IF(C55="inhibition",-1,1) -> -1 | F55: Metabolic & related | G55: Cell survival, apoptosis & mitophagy/DNA-damage | H55: Cartilage tissue | I55: Chondrocyte / cartilage | J55: Mouse | K55: Animal | L55: In vivo | M55: In vivo | N55: Qian J, Zhao P, Xu Q, Yang W, Cai R. Swimming prevents cell death of chondrocytes via PI3K/AKT pathway in an experimental model. J Orthop Surg Res. 2023 Jun 17;18(1):439. doi: 10.1186/s13018-023-03815-4. PMID: 37328786; PMCID: PMC10276397. | O55: 10.1186/s13018-023-03815-4 | P55: 37328786 | R55: No notice found
A56: NPMT-I055 | B56: FOXO | C56: activation | D56: CAT | E56: =IF(C56="inhibition",-1,1) -> 1 | F56: Transcription Factors | G56: Metabolic & related | H56: Chondrocytes | I56: Chondrocyte / cartilage | J56: Human articular chondrocytes | K56: Human | L56: In vitro | M56: In vitro | N56: Akasaki Y, Alvarez-Garcia O, Saito M, Caramés B, Iwamoto Y, Lotz MK. FoxO transcription factors support oxidative stress resistance in human chondrocytes. Arthritis Rheumatol. 2014;66(12):3349-3358. doi: 10.1002/art.38868. PMID: 25186470. | O56: 10.1002/art.38868 | P56: 25186470 | Q56: Supported in chondrocytes — FOXO1 knockdown reduced catalase protein under oxidative challenge | R56: No notice found
A57: NPMT-I056 | B57: NRF2 | C57: activation | D57: CAT | E57: =IF(C57="inhibition",-1,1) -> 1 | F57: Transcription Factors | G57: Metabolic & related | H57: IVD review | I57: Other / not reported | J57: Not reported | K57: Other / unspecified | L57: Not reported | M57: Not reported | N57: Xiang, Q., Zhao, Y., Lin, J. et al. The Nrf2 antioxidant defense system in intervertebral disc degeneration: Molecular insights. Exp Mol Med 54, 1067–1075 (2022). https://doi.org/10.1038/s12276-022-00829-6 | O57: 10.1038/s12276-022-00829-6 | R57: No notice found
A58: NPMT-I057 | B58: AP-1 | C58: activation | D58: CCL2 | E58: =IF(C58="inhibition",-1,1) -> 1 | F58: Transcription Factors | G58: Cytokines, chemokines, proteases & others | H58: General | I58: Other / not reported | J58: Not reported | K58: Other / unspecified | L58: Not reported | M58: Not reported | N58: Sutcliffe AM, Clarke DL, Bradbury DA, Corbett LM, Patel JA, Knox AJ. Transcriptional regulation of monocyte chemotactic protein-1 release by endothelin-1 in human airway smooth muscle cells involves NF-kappaB and AP-1. Br J Pharmacol. 2009 Jun;157(3):436-50. doi: 10.1111/j.1476-5381.2009.00143.x. Epub 2009 Apr 9. PMID: 19371341; PMCID: PMC2707990. | O58: 10.1111/j.1476-5381.2009.00143.x | P58: 19371341 | R58: No notice found
A59: NPMT-I058 | B59: NF-κB | C59: activation | D59: CCL2 | E59: =IF(C59="inhibition",-1,1) -> 1 | F59: Transcription Factors | G59: Cytokines, chemokines, proteases & others | H59: NP | I59: NP / nucleus pulposus | J59: Human/Rat | K59: Human | L59: 3D, in vitro | M59: In vitro | N59: Tian, S., Chen, X., Wu, W. et al. Nucleus pulposus cells regulate macrophages in degenerated intervertebral discs via the integrated stress response-mediated CCL2/7-CCR2 signaling pathway. Exp Mol Med 56, 408–421 (2024). https://doi.org/10.1038/s12276-024-01168-4 | O59: 10.1038/s12276-024-01168-4 | R59: No notice found
A60: NPMT-I059 | B60: SOX9 | C60: activation | D60: CCN2 | E60: =IF(C60="inhibition",-1,1) -> 1 | F60: Transcription Factors | G60: Growth factors | H60: NP, chondrocyte | I60: NP / nucleus pulposus | J60: Mouse | K60: Animal | L60: 2D, in vitro, in vivo | M60: Mixed | N60: Oh, Cd., Yasuda, H., Zhao, W. et al. SOX9 directly Regulates CTGF/CCN2 Transcription in Growth Plate Chondrocytes and in Nucleus Pulposus Cells of Intervertebral Disc. Sci Rep 6, 29916 (2016). https://doi.org/10.1038/srep29916 | O60: 10.1038/srep29916 | R60: No notice found
A61: NPMT-I060 | B61: YAP/TAZ | C61: activation | D61: CCN2 | E61: =IF(C61="inhibition",-1,1) -> 1 | F61: Transcription Factors | G61: Growth factors | H61: Chondrocyte | I61: Chondrocyte / cartilage | J61: Rat | K61: Animal | L61: 2D, in vitro | M61: In vitro | N61: Gao Y, Wei H, Peng X, Wang C, Zhu H, Yin J. ER stress-induced YAP upregulation leads to chondrocyte phenotype loss in age-related osteoarthritis. Front Pharmacol. 2024 Nov 12;15:1476255. doi: 10.3389/fphar.2024.1476255. PMID: 39600372; PMCID: PMC11588467. | O61: 10.3389/fphar.2024.1476255 | P61: 39600372 | R61: No notice found
A62: NPMT-I061 | B62: β-catenin | C62: inhibition | D62: CCN2 | E62: =IF(C62="inhibition",-1,1) -> -1 | F62: Other / unclassified | G62: Growth factors | H62: NP | I62: NP / nucleus pulposus | J62: Rat | K62: Animal | L62: 2D, in vitro | M62: In vitro | N62: Hiyama, A., Morita, K., Sakai, D. et al. CCN family member 2/connective tissue growth factor (CCN2/CTGF) is regulated by Wnt–β-catenin signaling in nucleus pulposus cells. Arthritis Res Ther 20, 217 (2018). https://doi.org/10.1186/s13075-018-1723-8 | O62: 10.1186/s13075-018-1723-8 | R62: No notice found
A63: NPMT-I062 | B63: FAK-M | C63: activation | D63: CDC42 | E63: =IF(C63="inhibition",-1,1) -> 1 | F63: Rho GTPases, cytoskeletal & Hippo regulators | G63: Rho GTPases, cytoskeletal & Hippo regulators | H63: Not reported | I63: Other / not reported | J63: Not reported | K63: Other / unspecified | L63: Not reported | M63: Not reported | N63: Myers JP, Robles E, Ducharme-Smith A, Gomez TM. Focal adhesion kinase modulates Cdc42 activity downstream of positive and negative axon guidance cues. J Cell Sci. 2012 Jun 15;125(Pt 12):2918-29. doi: 10.1242/jcs.100107. Epub 2012 Mar 5. PMID: 22393238; PMCID: PMC3434813. | O63: 10.1242/jcs.100107 | P63: 22393238 | R63: No notice found
A64: NPMT-I063 | B64: HIF-1α | C64: activation | D64: CITED2 | E64: =IF(C64="inhibition",-1,1) -> 1 | F64: Transcription Factors | G64: Transcription Factors | H64: NP | I64: NP / nucleus pulposus | J64: rat | K64: Animal | L64: 2D, in vitro | M64: In vitro | N64: Agrawal A, Gajghate S, Smith H, Anderson DG, Albert TJ, Shapiro IM, Risbud MV. Cited2 modulates hypoxia-inducible factor-dependent expression of vascular endothelial growth factor in nucleus pulposus cells of the rat intervertebral disc. Arthritis Rheum. 2008 Dec;58(12):3798-808. doi: 10.1002/art.24073. PMID: 19035510. | O64: 10.1002/art.24073 | P64: 19035510 | R64: No notice found
A65: NPMT-I064 | B65: HIF-2α | C65: activation | D65: COL10A1 | E65: =IF(C65="inhibition",-1,1) -> 1 | F65: Transcription Factors | G65: ECM anabolism & phenotype markers | H65: chondrocyte | I65: Chondrocyte / cartilage | J65: mouse | K65: Animal | L65: 2D, in vitro | M65: In vitro | N65: Saito T, Fukai A, Mabuchi A, Ikeda T, Yano F, Ohba S, Nishida N, Akune T, Yoshimura N, Nakagawa T, Nakamura K, Tokunaga K, Chung UI, Kawaguchi H. Transcriptional regulation of endochondral ossification by HIF-2alpha during skeletal growth and osteoarthritis development. Nat Med. 2010 Jun;16(6):678-86. doi: 10.1038/nm.2146. Epub 2010 May 23. PMID: 20495570. | O65: 10.1038/nm.2146 | P65: 20495570 | R65: No notice found
A66: NPMT-I065 | B66: RUNX2 | C66: activation | D66: COL10A1 | E66: =IF(C66="inhibition",-1,1) -> 1 | F66: Transcription Factors | G66: ECM anabolism & phenotype markers | H66: chondrocyte | I66: Chondrocyte / cartilage | J66: Mouse | K66: Animal | L66: 2D, in vitro | M66: In vitro | N66: Zheng Q, Zhou G, Morello R, Chen Y, Garcia-Rojas X, Lee B. Type X collagen gene regulation by Runx2 contributes directly to its hypertrophic chondrocyte-specific expression in vivo. J Cell Biol. 2003 Sep 1;162(5):833-42. doi: 10.1083/jcb.200211089. PMID: 12952936; PMCID: PMC2172833. | O66: 10.1083/jcb.200211089 | P66: 12952936 | R66: No notice found
A67: NPMT-I066 | B67: SOX9 | C67: inhibition | D67: COL10A1 | E67: =IF(C67="inhibition",-1,1) -> -1 | F67: Transcription Factors | G67: ECM anabolism & phenotype markers | H67: chondrocyte | I67: Chondrocyte / cartilage | J67: mice | K67: Animal | L67: 2D, in vitro | M67: In vitro | N67: Leung VY, Gao B, Leung KK, Melhado IG, Wynn SL, Au TY, Dung NW, Lau JY, Mak AC, Chan D, Cheah KS. SOX9 governs differentiation stage-specific gene expression in growth plate chondrocytes via direct concomitant transactivation and repression. PLoS Genet. 2011 Nov;7(11):e1002356. doi: 10.1371/journal.pgen.1002356. Epub 2011 Nov 3. PMID: 22072985; PMCID: PMC3207907. | O67: 10.1371/journal.pgen.1002356 | P67: 22072985 | R67: No notice found
A68: NPMT-I067 | B68: AP-1 | C68: activation | D68: COL1A1 | E68: =IF(C68="inhibition",-1,1) -> 1 | F68: Transcription Factors | G68: ECM anabolism & phenotype markers | H68: Chondrocyte | I68: Chondrocyte / cartilage | J68: rabbit | K68: Other / unspecified | L68: 2D, in vitro | M68: In vitro | N68: Hwang SG, Yu SS, Poo H, Chun JS. c-Jun/activator protein-1 mediates interleukin-1beta-induced dedifferentiation but not cyclooxygenase-2 expression in articular chondrocytes. J Biol Chem. 2005 Aug 19;280(33):29780-7. doi: 10.1074/jbc.M411793200. Epub 2005 Jun 16. PMID: 15961395. | O68: 10.1074/jbc.m411793200 | P68: 15961395 | R68: No notice found
A69: NPMT-I068 | B69: MRTF-A | C69: activation | D69: COL1A1 | E69: =IF(C69="inhibition",-1,1) -> 1 | F69: Transcription Factors | G69: ECM anabolism & phenotype markers | H69: NP | I69: NP / nucleus pulposus | J69: rat | K69: Animal | L69: 2D, in vitro | M69: In vitro | N69: Kong M, Zhang Y, Song M, Cong W, Gao C, Zhang J, Han S, Tu Q, Ma X. Myocardin‑related transcription factor A nuclear translocation contributes to mechanical overload‑induced nucleus pulposus fibrosis in rats with intervertebral disc degeneration. Int J Mol Med. 2021 Jul;48(1):123. doi: 10.3892/ijmm.2021.4956. Epub 2021 May 13. PMID: 33982787; PMCID: PMC8121555. | O69: 10.3892/ijmm.2021.4956 | P69: 33982787 | R69: No notice found
A70: NPMT-I069 | B70: YAP/TAZ | C70: activation | D70: COL1A1 | E70: =IF(C70="inhibition",-1,1) -> 1 | F70: Transcription Factors | G70: ECM anabolism & phenotype markers | H70: General | I70: Other / not reported | J70: Not reported | K70: Other / unspecified | L70: Not reported | M70: Not reported | N70: Devos H, Zoidakis J, Roubelakis MG, Latosinska A, Vlahou A. Reviewing the Regulators of COL1A1. Int J Mol Sci. 2023 Jun 11;24(12):10004. doi: 10.3390/ijms241210004. PMID: 37373151; PMCID: PMC10298483. | O70: 10.3390/ijms241210004 | P70: 37373151 | R70: No notice found
A71: NPMT-I070 | B71: PPARγ | C71: inhibition | D71: COL1A1 | E71: =IF(C71="inhibition",-1,1) -> -1 | F71: Transcription Factors | G71: ECM anabolism & phenotype markers | H71: NP | I71: NP / nucleus pulposus | J71: Rat | K71: Animal | L71: 2D, in vitro | M71: In vitro | N71: Xu, T., Zhao, H., Fang, X. et al. Mulberroside A mitigates intervertebral disc degeneration by inhibiting MAPK and modulating Ppar-γ/NF-κB pathways. J Inflamm 21, 32 (2024). https://doi.org/10.1186/s12950-024-00398-7 | O71: 10.1186/s12950-024-00398-7 | R71: No notice found
A72: NPMT-I071 | B72: SOX9 | C72: inhibition | D72: COL1A1 | E72: =IF(C72="inhibition",-1,1) -> -1 | F72: Transcription Factors | G72: ECM anabolism & phenotype markers | H72: chondrocyte | I72: Chondrocyte / cartilage | J72: mice | K72: Animal | L72: 2D, in vitro | M72: In vitro | N72: Leung VY, Gao B, Leung KK, Melhado IG, Wynn SL, Au TY, Dung NW, Lau JY, Mak AC, Chan D, Cheah KS. SOX9 governs differentiation stage-specific gene expression in growth plate chondrocytes via direct concomitant transactivation and repression. PLoS Genet. 2011 Nov;7(11):e1002356. doi: 10.1371/journal.pgen.1002356. Epub 2011 Nov 3. PMID: 22072985; PMCID: PMC3207907. | O72: 10.1371/journal.pgen.1002356 | P72: 22072985 | R72: No notice found
A73: NPMT-I072 | B73: HIF-1α | C73: activation | D73: COL2A1 | E73: =IF(C73="inhibition",-1,1) -> 1 | F73: Transcription Factors | G73: ECM anabolism & phenotype markers | H73: Nucleus pulposus | I73: NP / nucleus pulposus | J73: Human NP cells | K73: Human | L73: In vitro | M73: In vitro | N73: Liu Z, Li C, Meng X, Bai Y, Qi J, Wang J, Zhou Q, Zhang W, Zhang X. Hypoxia-inducible factor-1α mediates aggrecan and collagen II expression via NOTCH1 signaling in nucleus pulposus cells during intervertebral disc degeneration. Biochem Biophys Res Commun. 2017;488(3):554-561. doi: 10.1016/j.bbrc.2017.05.086. PMID: 28526405. | O73: 10.1016/j.bbrc.2017.05.086 | P73: 28526405 | Q73: Supported in NP — HIF-1α overexpression increased type II collagen | R73: No notice found
A74: NPMT-I073 | B74: PPARγ | C74: activation | D74: COL2A1 | E74: =IF(C74="inhibition",-1,1) -> 1 | F74: Transcription Factors | G74: ECM anabolism & phenotype markers | H74: NP | I74: NP / nucleus pulposus | J74: Human/Rat | K74: Human | L74: 2D, in vitro | M74: In vitro | N74: Cheng P, Wei HZ, Chen HW, Wang ZQ, Mao P, Zhang HH. DNMT3a-mediated methylation of PPARγ promote intervertebral disc degeneration by regulating the NF-κB pathway. J Cell Mol Med. 2024 Jan;28(2):e18048. doi: 10.1111/jcmm.18048. Epub 2023 Nov 20. PMID: 37986543; PMCID: PMC10826446. | O74: 10.1111/jcmm.18048 | P74: 37986543 | R74: No notice found
A75: NPMT-I074 | B75: SOX9 | C75: activation | D75: COL2A1 | E75: =IF(C75="inhibition",-1,1) -> 1 | F75: Transcription Factors | G75: ECM anabolism & phenotype markers | H75: NP tissue | I75: NP / nucleus pulposus | J75: mice | K75: Animal | L75: ex vivo | M75: Ex vivo | N75: Tsingas M, Ottone OK, Haseeb A, Barve RA, Shapiro IM, Lefebvre V, Risbud MV. Sox9 deletion causes severe intervertebral disc degeneration characterized by apoptosis, matrix remodeling, and compartment-specific transcriptomic changes. Matrix Biol. 2020 Dec;94:110-133. doi: 10.1016/j.matbio.2020.09.003. Epub 2020 Oct 4. PMID: 33027692; PMCID: PMC7778523. | O75: 10.1016/j.matbio.2020.09.003 | P75: 33027692 | R75: No notice found
A76: NPMT-I075 | B76: TonEBP | C76: activation | D76: COL2A1 | E76: =IF(C76="inhibition",-1,1) -> 1 | F76: Transcription Factors | G76: ECM anabolism & phenotype markers | H76: NP | I76: NP / nucleus pulposus | J76: Rat | K76: Animal | L76: 2D, in vitro | M76: In vitro | N76: Lin W, Shi C, Wang W, Wu H, Yang C, Wang A, Shen X, Tian Y, Cao P, Yuan W. Osmolarity and calcium regulate connective tissue growth factor (CTGF/CCN2) expression in nucleus pulposus cells. Gene. 2019 Jul 1;704:15-24. doi: 10.1016/j.gene.2019.04.020. Epub 2019 Apr 6. PMID: 30965128. | O76: 10.1016/j.gene.2019.04.020 | P76: 30965128 | R76: No notice found
A77: NPMT-I076 | B77: AP-1 | C77: activation | D77: COX-2 | E77: =IF(C77="inhibition",-1,1) -> 1 | F77: Transcription Factors | G77: Metabolic & related | H77: NP | I77: NP / nucleus pulposus | J77: human | K77: Human | L77: 2D, in vitro | M77: In vitro | N77: Li, Jk., Nie, L., Zhao, Yp. et al. IL-17 mediates inflammatory reactions via p38/c-Fos and JNK/c-Jun activation in an AP-1-dependent manner in human nucleus pulposus cells. J Transl Med 14, 77 (2016). https://doi.org/10.1186/s12967-016-0833-9 | O77: 10.1186/s12967-016-0833-9 | R77: No notice found
A78: NPMT-I077 | B78: NF-κB | C78: activation | D78: COX-2 | E78: =IF(C78="inhibition",-1,1) -> 1 | F78: Transcription Factors | G78: Metabolic & related | H78: NP | I78: NP / nucleus pulposus | J78: Human | K78: Human | L78: 3D, in vitro | M78: In vitro | N78: Zhao, W., Li, Y., Cheng, X., Wei, H., Li, P., Fan, L., ... & Wang, H. (2023). The antioxidant Glycitin protects against intervertebral disc degeneration through antagonizing inflammation and oxidative stress in nucleus pulposus cells. Aging (Albany NY), 15(23), 13693. | R78: Not screened (no DOI)
A79: NPMT-I078 | B79: NFAT | C79: activation | D79: COX-2 | E79: =IF(C79="inhibition",-1,1) -> 1 | F79: Transcription Factors | G79: Metabolic & related | H79: Not reported | I79: Other / not reported | J79: Not reported | K79: Other / unspecified | L79: Not reported | M79: Not reported | N79: Horsley V, Pavlath GK. NFAT: ubiquitous regulator of cell differentiation and adaptation. J Cell Biol. 2002 Mar 4;156(5):771-4. doi: 10.1083/jcb.200111073. Epub 2002 Mar 4. PMID: 11877454; PMCID: PMC2173310. | O79: 10.1083/jcb.200111073 | P79: 11877454 | R79: No notice found
A80: NPMT-I079 | B80: CaMKII | C80: activation | D80: CREB | E80: =IF(C80="inhibition",-1,1) -> 1 | F80: Ion channels & related | G80: Transcription Factors | H80: General | I80: Other / not reported | J80: Not reported | K80: Other / unspecified | L80: Not reported | M80: Not reported | N80: Wheeler DG, Barrett CF, Groth RD, Safa P, Tsien RW. CaMKII locally encodes L-type channel activity to signal to nuclear CREB in excitation-transcription coupling. J Cell Biol. 2008 Dec 1;183(5):849-63. doi: 10.1083/jcb.200805048. PMID: 19047462; PMCID: PMC2592819. | O80: 10.1083/jcb.200805048 | P80: 19047462 | R80: No notice found
A81: NPMT-I080 | B81: ERK-E | C81: activation | D81: CREB | E81: =IF(C81="inhibition",-1,1) -> 1 | F81: MAPK & stress-activated kinases | G81: Transcription Factors | H81: NP | I81: NP / nucleus pulposus | J81: human | K81: Human | L81: 2D, in vitro | M81: In vitro | N81: Tsirimonaki E, Fedonidis C, Pneumaticos SG, Tragas AA, Michalopoulos I, Mangoura D. PKCε signalling activation ERK1/2, and regulates aggrecan, ADAMTS5, and miR377 gene expression in human nucleus pulposus cells. PLoS One. 2013 Nov 28;8(11):e82045. doi: 10.1371/journal.pone.0082045. PMID: 24312401; PMCID: PMC3842981. | O81: 10.1371/journal.pone.0082045 | P81: 24312401 | R81: No notice found
A82: NPMT-I081 | B82: ERK-M | C82: activation | D82: CREB | E82: =IF(C82="inhibition",-1,1) -> 1 | F82: MAPK & stress-activated kinases | G82: Transcription Factors | H82: NP | I82: NP / nucleus pulposus | J82: human | K82: Human | L82: 2D, in vitro | M82: In vitro | N82: Tsirimonaki E, Fedonidis C, Pneumaticos SG, Tragas AA, Michalopoulos I, Mangoura D. PKCε signalling activation ERK1/2, and regulates aggrecan, ADAMTS5, and miR377 gene expression in human nucleus pulposus cells. PLoS One. 2013 Nov 28;8(11):e82045. doi: 10.1371/journal.pone.0082045. PMID: 24312401; PMCID: PMC3842981. | O82: 10.1371/journal.pone.0082045 | P82: 24312401 | R82: No notice found
A83: NPMT-I082 | B83: RSK | C83: activation | D83: CREB | E83: =IF(C83="inhibition",-1,1) -> 1 | F83: MAPK & stress-activated kinases | G83: Transcription Factors | H83: general | I83: Other / not reported | J83: Not reported | K83: Other / unspecified | L83: Not reported | M83: Not reported | N83: Ozgen N, Guo J, Gertsberg Z, Danilo P Jr, Rosen MR, Steinberg SF. Reactive oxygen species decrease cAMP response element binding protein expression in cardiomyocytes via a protein kinase D1-dependent mechanism that does not require Ser133 phosphorylation. Mol Pharmacol. 2009 Oct;76(4):896-902. doi: 10.1124/mol.109.056473. Epub 2009 Jul 20. PMID: 19620255; PMCID: PMC2769048. | O83: 10.1124/mol.109.056473 | P83: 19620255 | R83: No notice found
A84: NPMT-I083 | B84: GSK3B | C84: inhibition | D84: CREB | E84: =IF(C84="inhibition",-1,1) -> -1 | F84: Metabolic & related | G84: Transcription Factors | H84: Not reported | I84: Other / not reported | J84: Not reported | K84: Other / unspecified | L84: Not reported | M84: Not reported | N84: Grimes CA, Jope RS. CREB DNA binding activity is inhibited by glycogen synthase kinase-3 beta and facilitated by lithium. J Neurochem. 2001 Sep;78(6):1219-32. doi: 10.1046/j.1471-4159.2001.00495.x. PMID: 11579131; PMCID: PMC1947002. | O84: 10.1046/j.1471-4159.2001.00495.x | P84: 11579131 | R84: No notice found
A85: NPMT-I084 | B85: AP-1 | C85: activation | D85: CXCL1 | E85: =IF(C85="inhibition",-1,1) -> 1 | F85: Transcription Factors | G85: Cytokines, chemokines, proteases & others | H85: General | I85: Other / not reported | J85: Not reported | K85: Other / unspecified | L85: Not reported | M85: Not reported | N85: Qiao Y, He H, Jonsson P, Sinha I, Zhao C, Dahlman-Wright K. AP-1 Is a Key Regulator of Proinflammatory Cytokine TNFα-mediated Triple-negative Breast Cancer Progression. J Biol Chem. 2016 Mar 4;291(10):5068-79. doi: 10.1074/jbc.M115.702571. Epub 2016 Jan 20. Erratum in: J Biol Chem. 2016 Aug 26;291(35):18309. doi: 10.1074/jbc.A115.702571. PMID: 26792858; PMCID: PMC4777842. | O85: 10.1074/jbc.m115.702571; 10.1074/jbc.a115.702571 | P85: 26792858 | R85: No retraction notice (correction published)
A86: NPMT-I085 | B86: NF-κB | C86: activation | D86: CXCL1 | E86: =IF(C86="inhibition",-1,1) -> 1 | F86: Transcription Factors | G86: Cytokines, chemokines, proteases & others | H86: Chondrocyte | I86: Chondrocyte / cartilage | J86: human | K86: Human | L86: 2D/3D, ex vivo/in vitro | M86: Mixed | N86: Sandell LJ, Xing X, Franz C, Davies S, Chang LW, Patra D. Exuberant expression of chemokine genes by adult human articular chondrocytes in response to IL-1beta. Osteoarthritis Cartilage. 2008 Dec;16(12):1560-71. doi: 10.1016/j.joca.2008.04.027. Epub 2008 Jun 18. PMID: 18565769; PMCID: PMC2605974. | O86: 10.1016/j.joca.2008.04.027 | P86: 18565769 | R86: No notice found
A87: NPMT-I086 | B87: AP-1 | C87: activation | D87: CXCL3 | E87: =IF(C87="inhibition",-1,1) -> 1 | F87: Transcription Factors | G87: Cytokines, chemokines, proteases & others | H87: General | I87: Other / not reported | J87: Not reported | K87: Other / unspecified | L87: Not reported | M87: Not reported | N87: Qiao Y, He H, Jonsson P, Sinha I, Zhao C, Dahlman-Wright K. AP-1 Is a Key Regulator of Proinflammatory Cytokine TNFα-mediated Triple-negative Breast Cancer Progression. J Biol Chem. 2016 Mar 4;291(10):5068-79. doi: 10.1074/jbc.M115.702571. Epub 2016 Jan 20. Erratum in: J Biol Chem. 2016 Aug 26;291(35):18309. doi: 10.1074/jbc.A115.702571. PMID: 26792858; PMCID: PMC4777842. | O87: 10.1074/jbc.m115.702571; 10.1074/jbc.a115.702571 | P87: 26792858 | R87: No retraction notice (correction published)
A88: NPMT-I087 | B88: NF-κB | C88: activation | D88: CXCL3 | E88: =IF(C88="inhibition",-1,1) -> 1 | F88: Transcription Factors | G88: Cytokines, chemokines, proteases & others | H88: Chondrocyte | I88: Chondrocyte / cartilage | J88: human | K88: Human | L88: 2D/3D, ex vivo/in vitro | M88: Mixed | N88: Sandell LJ, Xing X, Franz C, Davies S, Chang LW, Patra D. Exuberant expression of chemokine genes by adult human articular chondrocytes in response to IL-1beta. Osteoarthritis Cartilage. 2008 Dec;16(12):1560-71. doi: 10.1016/j.joca.2008.04.027. Epub 2008 Jun 18. PMID: 18565769; PMCID: PMC2605974. | O88: 10.1016/j.joca.2008.04.027 | P88: 18565769 | R88: No notice found
A89: NPMT-I088 | B89: PLCγ-M | C89: activation | D89: DAG | E89: =IF(C89="inhibition",-1,1) -> 1 | F89: Ion channels & related | G89: Other / unclassified | H89: Not reported | I89: Other / not reported | J89: Not reported | K89: Other / unspecified | L89: Not reported | M89: Not reported | N89: Kim MJ, Kim E, Ryu SH, Suh PG. The mechanism of phospholipase C-gamma1 regulation. Exp Mol Med. 2000 Sep 30;32(3):101-9. doi: 10.1038/emm.2000.18. PMID: 11048639. | O89: 10.1038/emm.2000.18 | P89: 11048639 | R89: No notice found
A90: NPMT-I089 | B90: CaN | C90: activation | D90: DRP1 | E90: =IF(C90="inhibition",-1,1) -> 1 | F90: Ion channels & related | G90: Cell survival, apoptosis & mitophagy/DNA-damage | H90: General | I90: Other / not reported | J90: Not reported | K90: Other / unspecified | L90: Not reported | M90: Not reported | N90: Cereghetti GM, Stangherlin A, Martins de Brito O, Chang CR, Blackstone C, Bernardi P, Scorrano L. Dephosphorylation by calcineurin regulates translocation of Drp1 to mitochondria. Proc Natl Acad Sci U S A. 2008 Oct 14;105(41):15803-8. doi: 10.1073/pnas.0808249105. Epub 2008 Oct 6. PMID: 18838687; PMCID: PMC2572940. | O90: 10.1073/pnas.0808249105 | P90: 18838687 | R90: No notice found
A91: NPMT-I090 | B91: ROS | C91: activation | D91: DRP1 | E91: =IF(C91="inhibition",-1,1) -> 1 | F91: Oxidative-stress defense & proteostasis | G91: Cell survival, apoptosis & mitophagy/DNA-damage | H91: Nucleus pulposus | I91: NP / nucleus pulposus | J91: Human/rat NP cells; oxidative-stress model | K91: Human | L91: In vitro / in vivo | M91: Mixed | N91: Su S, Wu X, Li B, et al. Inhibition of ERK1/2 mediated activation of Drp1 alleviates intervertebral disc degeneration via suppressing pyroptosis and apoptosis in nucleus pulposus cells. J Orthop Translat. 2025;51:163-175. doi: 10.1016/j.jot.2025.01.013. PMID: 40160807. | O91: 10.1016/j.jot.2025.01.013 | P91: 40160807 | Q91: indirect / pathway-level — Indirect NP evidence: oxidative stress (TBHP) was associated with ERK1/2-dependent Drp1 activation; ROS itself was not established as the direct activator. | R91: No notice found
A92: NPMT-I091 | B92: ERK-E | C92: activation | D92: ELK1 | E92: =IF(C92="inhibition",-1,1) -> 1 | F92: MAPK & stress-activated kinases | G92: Transcription Factors | H92: NP | I92: NP / nucleus pulposus | J92: rat | K92: Animal | L92: 2D, in vitro | M92: In vitro | N92: Tsai TT, Guttapalli A, Agrawal A, Albert TJ, Shapiro IM, Risbud MV. MEK/ERK signaling controls osmoregulation of nucleus pulposus cells of the intervertebral disc by transactivation of TonEBP/OREBP. J Bone Miner Res. 2007 Jul;22(7):965-74. doi: 10.1359/jbmr.070322. PMID: 17371162. | O92: 10.1359/jbmr.070322 | P92: 17371162 | R92: No notice found | S92: Tsai 2007 (marker: TonEBP)
A93: NPMT-I092 | B93: MAP3K | C93: activation | D93: ELK1 | E93: =IF(C93="inhibition",-1,1) -> 1 | F93: Other / unclassified | G93: Transcription Factors | H93: Other mammalian cells | I93: Other / not reported | J93: Cultured cells; ERK-to-ELK1 signalling | K93: Other / unspecified | L93: In vitro | M93: In vitro | N93: Cruzalegui FH, Cano E, Treisman R. ERK activation induces phosphorylation of Elk-1 at multiple S/T-P motifs to high stoichiometry. Oncogene. 1999;18:7948-7957. doi: 10.1038/sj.onc.1203362. PMID: 10637505. | O93: 10.1038/sj.onc.1203362 | P93: 10637505 | Q93: indirect / pathway-level — Pathway-level only: MAP3K activates downstream MAPK signalling which phosphorylates ELK1. Direct MAP3K-to-ELK1 action not shown. | R93: No notice found
A94: NPMT-I093 | B94: MEK-E | C94: activation | D94: ERK-E | E94: =IF(C94="inhibition",-1,1) -> 1 | F94: MAPK & stress-activated kinases | G94: MAPK & stress-activated kinases | H94: NP | I94: NP / nucleus pulposus | J94: rat | K94: Animal | L94: 2D, in vitro | M94: In vitro | N94: Risbud MV, Fertala J, Vresilovic EJ, Albert TJ, Shapiro IM. Nucleus pulposus cells upregulate PI3K/Akt and MEK/ERK signaling pathways under hypoxic conditions and resist apoptosis induced by serum withdrawal. Spine (Phila Pa 1976). 2005 Apr 15;30(8):882-9. doi: 10.1097/01.brs.0000159096.11248.6d. PMID: 15834331. | O94: 10.1097/01.brs.0000159096.11248.6d | P94: 15834331 | R94: No notice found
A95: NPMT-I094 | B95: MEK-M | C95: activation | D95: ERK-M | E95: =IF(C95="inhibition",-1,1) -> 1 | F95: MAPK & stress-activated kinases | G95: MAPK & stress-activated kinases | H95: NP | I95: NP / nucleus pulposus | J95: rat | K95: Animal | L95: 2D, in vitro | M95: In vitro | N95: Risbud MV, Fertala J, Vresilovic EJ, Albert TJ, Shapiro IM. Nucleus pulposus cells upregulate PI3K/Akt and MEK/ERK signaling pathways under hypoxic conditions and resist apoptosis induced by serum withdrawal. Spine (Phila Pa 1976). 2005 Apr 15;30(8):882-9. doi: 10.1097/01.brs.0000159096.11248.6d. PMID: 15834331. | O95: 10.1097/01.brs.0000159096.11248.6d | P95: 15834331 | R95: No notice found
A96: NPMT-I095 | B96: SDC4-E | C96: activation | D96: FAK-E | E96: =IF(C96="inhibition",-1,1) -> 1 | F96: Mechanical stimuli & its receptors | G96: Rho GTPases, cytoskeletal & Hippo regulators | H96: Not reported | I96: Other / not reported | J96: Not reported | K96: Other / unspecified | L96: Not reported | M96: Not reported | N96: Wilcox-Adelman SA, Denhez F, Goetinck PF. Syndecan-4 modulates focal adhesion kinase phosphorylation. J Biol Chem. 2002 Sep 6;277(36):32970-7. doi: 10.1074/jbc.M201283200. Epub 2002 Jun 26. PMID: 12087088. | O96: 10.1074/jbc.m201283200 | P96: 12087088 | R96: No notice found
A97: NPMT-I096 | B97: α5β1-Fs | C97: activation | D97: FAK-E | E97: =IF(C97="inhibition",-1,1) -> 1 | F97: Mechanical stimuli & its receptors | G97: Rho GTPases, cytoskeletal & Hippo regulators | H97: General | I97: Other / not reported | J97: Not reported | K97: Other / unspecified | L97: Not reported | M97: Not reported | N97: Missirlis, D., Haraszti, T., Scheele, C. et al. Substrate engagement of integrins α5β1 and αvβ3 is necessary, but not sufficient, for high directional persistence in migration on fibronectin. Sci Rep 6, 23258 (2016). https://doi.org/10.1038/srep23258 | O97: 10.1038/srep23258 | R97: No notice found
A98: NPMT-I097 | B98: αVβ3 | C98: activation | D98: FAK-E | E98: =IF(C98="inhibition",-1,1) -> 1 | F98: Mechanical stimuli & its receptors | G98: Rho GTPases, cytoskeletal & Hippo regulators | H98: OA review | I98: Other / not reported | J98: Not reported | K98: Other / unspecified | L98: Not reported | M98: Not reported | N98: Song F, Mao X, Dai J, Shan B, Zhou Z, Kang Y. Integrin αVβ3 Signaling in the Progression of Osteoarthritis Induced by Excessive Mechanical Stress. Inflammation. 2023 Apr;46(2):739-751. doi: 10.1007/s10753-022-01770-6. Epub 2022 Dec 8. PMID: 36480128; PMCID: PMC10024670. | O98: 10.1007/s10753-022-01770-6 | P98: 36480128 | R98: No notice found
A99: NPMT-I098 | B99: SDC4-M | C99: activation | D99: FAK-M | E99: =IF(C99="inhibition",-1,1) -> 1 | F99: Mechanical stimuli & its receptors | G99: Rho GTPases, cytoskeletal & Hippo regulators | H99: Not reported | I99: Other / not reported | J99: Not reported | K99: Other / unspecified | L99: Not reported | M99: Not reported | N99: Wilcox-Adelman SA, Denhez F, Goetinck PF. Syndecan-4 modulates focal adhesion kinase phosphorylation. J Biol Chem. 2002 Sep 6;277(36):32970-7. doi: 10.1074/jbc.M201283200. Epub 2002 Jun 26. PMID: 12087088. | O99: 10.1074/jbc.m201283200 | P99: 12087088 | R99: No notice found
A100: NPMT-I099 | B100: α5β1-FN | C100: activation | D100: FAK-M | E100: =IF(C100="inhibition",-1,1) -> 1 | F100: Mechanical stimuli & its receptors | G100: Rho GTPases, cytoskeletal & Hippo regulators | H100: General | I100: Other / not reported | J100: Not reported | K100: Other / unspecified | L100: Not reported | M100: Not reported | N100: Missirlis, D., Haraszti, T., Scheele, C. et al. Substrate engagement of integrins α5β1 and αvβ3 is necessary, but not sufficient, for high directional persistence in migration on fibronectin. Sci Rep 6, 23258 (2016). https://doi.org/10.1038/srep23258 | O100: 10.1038/srep23258 | R100: No notice found
...

Sheet Summary statistics
A1: Summary statistics of the interaction corpus
A2: All counts are formulas on the 'Interactions' sheet and refer to interactions (rows), not to distinct publications.
A4: Key figures
A5: Interactions | B5: =COUNTA(Interactions!$A$2:$A$354) -> 353
A6: Activating | B6: =COUNTIF(Interactions!$C$2:$C$354,"activation") -> 277
A7: Inhibitory | B7: =COUNTIF(Interactions!$C$2:$C$354,"inhibition") -> 76
A8: Interactions with at least one DOI | B8: =COUNTIF(Interactions!$O$2:$O$354,"?*") -> 322
A9: Interactions with an evidence note (reviewed) | B9: =COUNTIF(Interactions!$Q$2:$Q$354,"?*") -> 37
A10: Interactions whose references carry a retraction or concern notice | B10: =COUNTIF(Interactions!$R$2:$R$354,"NOTICE*") -> 0
A11: Interactions whose reference is also cited in Table S2 | B11: =COUNTIF(Interactions!$S$2:$S$354,"?*") -> 5
A12: Distinct DOIs cited | B12: 235
A14: Cell type of the supporting evidence
A15: Cell-type group | B15: Interactions | C15: Share
A16: NP / nucleus pulposus | B16: =COUNTIF(Interactions!$I$2:$I$354,A16) -> 108 | C16: =B16/$B$19 -> 0.30594901
A17: Chondrocyte / cartilage | B17: =COUNTIF(Interactions!$I$2:$I$354,A17) -> 75 | C17: =B17/$B$19 -> 0.21246459
A18: Other / not reported | B18: =COUNTIF(Interactions!$I$2:$I$354,A18) -> 170 | C18: =B18/$B$19 -> 0.4815864
A19: Total | B19: =SUM(B16:B18) -> 353 | C19: =B19/B19 -> 1
A22: Species of the experimental model
A23: Species group | B23: Interactions | C23: Share
A24: Human | B24: =COUNTIF(Interactions!$K$2:$K$354,A24) -> 114 | C24: =B24/$B$27 -> 0.32294618
A25: Animal | B25: =COUNTIF(Interactions!$K$2:$K$354,A25) -> 75 | C25: =B25/$B$27 -> 0.21246459
A26: Other / unspecified | B26: =COUNTIF(Interactions!$K$2:$K$354,A26) -> 164 | C26: =B26/$B$27 -> 0.46458924
A27: Total | B27: =SUM(B24:B26) -> 353 | C27: =B27/B27 -> 1
A30: Experimental setting
A31: Culture group | B31: Interactions | C31: Share
A32: In vitro | B32: =COUNTIF(Interactions!$M$2:$M$354,A32) -> 166 | C32: =B32/$B$37 -> 0.47025496
A33: Ex vivo | B33: =COUNTIF(Interactions!$M$2:$M$354,A33) -> 16 | C33: =B33/$B$37 -> 0.045325779
A34: In vivo | B34: =COUNTIF(Interactions!$M$2:$M$354,A34) -> 7 | C34: =B34/$B$37 -> 0.019830028
A35: Mixed | B35: =COUNTIF(Interactions!$M$2:$M$354,A35) -> 10 | C35: =B35/$B$37 -> 0.028328612
A36: Not reported | B36: =COUNTIF(Interactions!$M$2:$M$354,A36) -> 154 | C36: =B36/$B$37 -> 0.43626062
A37: Total | B37: =SUM(B32:B36) -> 353 | C37: =B37/B37 -> 1
A40: Interactions by functional module
A41: Functional module | B41: Outgoing (source) | C41: Incoming (target) | D41: Within module
A42: Cytokines, chemokines, proteases & others | B42: =COUNTIF(Interactions!$F$2:$F$354,A42) -> 0 | C42: =COUNTIF(Interactions!$G$2:$G$354,A42) -> 40 | D42: =COUNTIFS(Interactions!$F$2:$F$354,A42,Interactions!$G$2:$G$354,A42) -> 0
A43: Growth factors | B43: =COUNTIF(Interactions!$F$2:$F$354,A43) -> 0 | C43: =COUNTIF(Interactions!$G$2:$G$354,A43) -> 32 | D43: =COUNTIFS(Interactions!$F$2:$F$354,A43,Interactions!$G$2:$G$354,A43) -> 0
A44: Transcription Factors | B44: =COUNTIF(Interactions!$F$2:$F$354,A44) -> 131 | C44: =COUNTIF(Interactions!$G$2:$G$354,A44) -> 64 | D44: =COUNTIFS(Interactions!$F$2:$F$354,A44,Interactions!$G$2:$G$354,A44) -> 12
A45: Ion channels & related | B45: =COUNTIF(Interactions!$F$2:$F$354,A45) -> 20 | C45: =COUNTIF(Interactions!$G$2:$G$354,A45) -> 25 | D45: =COUNTIFS(Interactions!$F$2:$F$354,A45,Interactions!$G$2:$G$354,A45) -> 9
A46: Metabolic & related | B46: =COUNTIF(Interactions!$F$2:$F$354,A46) -> 57 | C46: =COUNTIF(Interactions!$G$2:$G$354,A46) -> 64 | D46: =COUNTIFS(Interactions!$F$2:$F$354,A46,Interactions!$G$2:$G$354,A46) -> 31
A47: ECM anabolism & phenotype markers | B47: =COUNTIF(Interactions!$F$2:$F$354,A47) -> 0 | C47: =COUNTIF(Interactions!$G$2:$G$354,A47) -> 19 | D47: =COUNTIFS(Interactions!$F$2:$F$354,A47,Interactions!$G$2:$G$354,A47) -> 0
A48: Mechanical stimuli & its receptors | B48: =COUNTIF(Interactions!$F$2:$F$354,A48) -> 27 | C48: =COUNTIF(Interactions!$G$2:$G$354,A48) -> 15 | D48: =COUNTIFS(Interactions!$F$2:$F$354,A48,Interactions!$G$2:$G$354,A48) -> 15
A49: Cell survival, apoptosis & mitophagy/DNA-damage | B49: =COUNTIF(Interactions!$F$2:$F$354,A49) -> 6 | C49: =COUNTIF(Interactions!$G$2:$G$354,A49) -> 19 | D49: =COUNTIFS(Interactions!$F$2:$F$354,A49,Interactions!$G$2:$G$354,A49) -> 5
A50: Oxidative-stress defense & proteostasis | B50: =COUNTIF(Interactions!$F$2:$F$354,A50) -> 16 | C50: =COUNTIF(Interactions!$G$2:$G$354,A50) -> 7 | D50: =COUNTIFS(Interactions!$F$2:$F$354,A50,Interactions!$G$2:$G$354,A50) -> 0
A51: MAPK & stress-activated kinases | B51: =COUNTIF(Interactions!$F$2:$F$354,A51) -> 43 | C51: =COUNTIF(Interactions!$G$2:$G$354,A51) -> 19 | D51: =COUNTIFS(Interactions!$F$2:$F$354,A51,Interactions!$G$2:$G$354,A51) -> 9
A52: Rho GTPases, cytoskeletal & Hippo regulators | B52: =COUNTIF(Interactions!$F$2:$F$354,A52) -> 40 | C52: =COUNTIF(Interactions!$G$2:$G$354,A52) -> 23 | D52: =COUNTIFS(Interactions!$F$2:$F$354,A52,Interactions!$G$2:$G$354,A52) -> 17
A53: Other / unclassified | B53: =COUNTIF(Interactions!$F$2:$F$354,A53) -> 13 | C53: =COUNTIF(Interactions!$G$2:$G$354,A53) -> 26 | D53: =COUNTIFS(Interactions!$F$2:$F$354,A53,Interactions!$G$2:$G$354,A53) -> 1
A54: A node belongs to its primary functional module (the categories used in the manuscript's figures).

Sheet Evidence review
A1: Evidence review of 37 interactions
A2: Interactions whose supporting evidence was added or re-examined during curation, with the classification of that evidence. Interactions supported only by indirect, contextual, partial or conflicting evidence are kept in the network and flagged here for transparency.
A4: Interaction ID | B4: Source | C4: Target | D4: Sign | E4: Evidence class | F4: Cell type / model | G4: Publication | H4: What was shown | I4: Interpretation / limitation | J4: Used as support in corpus | K4: Retraction screen
A5: NPMT-I001 | B5: HIF-1α | C5: ACAN | D5: =IF(INDEX(Interactions!$C:$C,MATCH(A5,Interactions!$A:$A,0))="inhibition",-1,1) -> 1 | E5: Supported in NP | F5: See original evidence review / CORPUS metadata | G5: Liu Z, Li C, Meng X, Bai Y, Qi J, Wang J, Zhou Q, Zhang W, Zhang X. Hypoxia-inducible factor-1α mediates aggrecan and collagen II expression via NOTCH1 signaling in nucleus pulposus cells during intervertebral disc degeneration. Biochem Biophys Res Commun. 2017;488(3):554-561. doi: 10.1016/j.bbrc.2017.05.086. PMID: 28526405. | H5: HIF-1α overexpression increased aggrecan | I5: Retained literature where relevant; compartment and direction must match. HIF-1α overexpression increased aggrecan | J5: Yes | K5: No notice found
A6: NPMT-I007 | B6: P38 | C6: ADAMTS4/5 | D6: =IF(INDEX(Interactions!$C:$C,MATCH(A6,Interactions!$A:$A,0))="inhibition",-1,1) -> 1 | E6: Partial: ADAMTS4 only | F6: See original evidence review / CORPUS metadata | G6: Xue J, Wang J, Liu Q, Luo A. Tumor necrosis factor-α induces ADAMTS-4 expression in human osteoarthritis chondrocytes. Mol Med Rep. 2013;8(6):1755-1760. doi: 10.3892/mmr.2013.1729. PMID: 24126638. | H6: p38 dependent TNF-α induction of ADAMTS4; NOT demonstrated for ADAMTS5 | I6: Retained literature where relevant; compartment and direction must match. p38 dependent TNF-α induction of ADAMTS4; NOT demonstrated for ADAMTS5 | J6: Yes | K6: No notice found
A7: NPMT-I011 | B7: PIP3-M | C7: AKT1-E | D7: =IF(INDEX(Interactions!$C:$C,MATCH(A7,Interactions!$A:$A,0))="inhibition",-1,1) -> -1 | E7: Contextual; direction conflicts | F7: Other mammalian cells / biochemical | G7: Stokoe D, Stephens LR, Copeland T, Gaffney PR, Reese CB, Painter GF, Holmes AB, McCormick F, Hawkins PT. Dual role of phosphatidylinositol-3,4,5-trisphosphate in the activation of protein kinase B. Science. 1997;277(5325):567-570. doi: 10.1126/science.277.5325.567. PMID: 9228007. | H7: PIP3 recruits and promotes activation of AKT; no M-to-E cross-compartment inhibition shown | I7: Cited because it directly studies PIP3 and AKT1, but it supports activation and does not validate negative sign or M/E topology | J7: Yes — contextual only | K7: No notice found
A8: NPMT-I014 | B8: PIP3-E | C8: AKT1-M | D8: =IF(INDEX(Interactions!$C:$C,MATCH(A8,Interactions!$A:$A,0))="inhibition",-1,1) -> -1 | E8: Contextual; direction conflicts | F8: Other mammalian cells / biochemical | G8: Stokoe D, Stephens LR, Copeland T, Gaffney PR, Reese CB, Painter GF, Holmes AB, McCormick F, Hawkins PT. Dual role of phosphatidylinositol-3,4,5-trisphosphate in the activation of protein kinase B. Science. 1997;277(5325):567-570. doi: 10.1126/science.277.5325.567. PMID: 9228007. | H8: PIP3 recruits and promotes activation of AKT; no E-to-M cross-compartment inhibition shown | I8: Same primary paper supports generic PIP3–AKT molecular interaction, not negative sign or compartment-specific effect | J8: Yes — contextual only | K8: No notice found
A9: NPMT-I015 | B9: Ca2+os | C9: AMPK | D9: =IF(INDEX(Interactions!$C:$C,MATCH(A9,Interactions!$A:$A,0))="inhibition",-1,1) -> 1 | E9: Indirect mechanistic support | F9: Mammalian cells | G9: Woods A, Dickerson K, Heath R, et al. Ca2+/calmodulin-dependent protein kinase kinase-beta acts upstream of AMP-activated protein kinase in mammalian cells. Cell Metab. 2005;2(1):21-33. doi: 10.1016/j.cmet.2005.06.005. PMID: 16054096. | H9: Ca2+ can activate AMPK via CaMKKβ; osmotic compartment not tested. | I9: Selected due to experimentally measured relationship; sign/context caveat recorded | J9: Yes — contextual or indirect | K9: No notice found
A10: NPMT-I017 | B10: ROS | C10: AMPK | D10: =IF(INDEX(Interactions!$C:$C,MATCH(A10,Interactions!$A:$A,0))="inhibition",-1,1) -> 1 | E10: Supported in other cells | F10: See original evidence review / CORPUS metadata | G10: Emerling BM, Weinberg F, Snyder C, Burgess Z, Mutlu GM, Viollet B, Budinger GRS, Chandel NS. Hypoxic activation of AMPK is dependent on mitochondrial ROS but independent of an increase in AMP/ATP ratio. Free Radic Biol Med. 2009;46(10):1386-1391. doi: 10.1016/j.freeradbiomed.2009.02.019. PMID: 19268526. | H10: ROS-dependent AMPK activation in hypoxic cultured cells; not NP-specific | I10: Retained literature where relevant; compartment and direction must match. ROS-dependent AMPK activation in hypoxic cultured cells; not NP-specific | J10: Yes | K10: No notice found
A11: NPMT-I024 | B11: SOX9 | C11: AP-1 | D11: =IF(INDEX(Interactions!$C:$C,MATCH(A11,Interactions!$A:$A,0))="inhibition",-1,1) -> -1 | E11: Contextual / contradictory; retained at curators' discretion | F11: Mouse chondrocytes; epidermal stem cells | G11: He X, Ohba S, Hojo H, McMahon AP. AP-1 family members act with Sox9 to promote chondrocyte hypertrophy. Development. 2016;143(16):3012-3023. doi: 10.1242/dev.134502. PMID: 27471255. Yang Y, Gomez N, Infarinato N, et al. The pioneer factor SOX9 competes for epigenetic factors to switch stem cell fates. Nat Cell Biol. 2023;25:1185-1195. doi: 10.1038/s41556-023-01184-y. | H11: Context-dependent cooperation or altered occupancy; not general inhibition. | I11: Included per request; NOT direct evidence of negative signed compartment-specific edge. | J11: Yes — caveated | K11: No notice found
A12: NPMT-I047 | B12: IP3 | C12: Ca2+su | D12: =IF(INDEX(Interactions!$C:$C,MATCH(A12,Interactions!$A:$A,0))="inhibition",-1,1) -> 1 | E12: Supported in chondrocytes | F12: See original evidence review / CORPUS metadata | G12: Ekstein J, Nasatzky E, Boyan BD, Ornoy A, Schwartz Z. Growth-plate chondrocytes respond to 17beta-estradiol with sex-specific increases in IP3 and intracellular calcium ion signalling via a capacitative entry mechanism. Steroids. 2005;70(11):775-786. doi: 10.1016/j.steroids.2005.04.007. PMID: 16005036. | H12: IP3 production drives calcium release from endoplasmic reticulum | I12: Retained literature where relevant; compartment and direction must match. IP3 production drives calcium release from endoplasmic reticulum | J12: Yes | K12: No notice found
A13: NPMT-I055 | B13: FOXO | C13: CAT | D13: =IF(INDEX(Interactions!$C:$C,MATCH(A13,Interactions!$A:$A,0))="inhibition",-1,1) -> 1 | E13: Supported in chondrocytes | F13: See original evidence review / CORPUS metadata | G13: Akasaki Y, Alvarez-Garcia O, Saito M, Caramés B, Iwamoto Y, Lotz MK. FoxO transcription factors support oxidative stress resistance in human chondrocytes. Arthritis Rheumatol. 2014;66(12):3349-3358. doi: 10.1002/art.38868. PMID: 25186470. | H13: FOXO1 knockdown reduced catalase protein under oxidative challenge | I13: Retained literature where relevant; compartment and direction must match. FOXO1 knockdown reduced catalase protein under oxidative challenge | J13: Yes | K13: No notice found
A14: NPMT-I072 | B14: HIF-1α | C14: COL2A1 | D14: =IF(INDEX(Interactions!$C:$C,MATCH(A14,Interactions!$A:$A,0))="inhibition",-1,1) -> 1 | E14: Supported in NP | F14: See original evidence review / CORPUS metadata | G14: Liu Z, Li C, Meng X, Bai Y, Qi J, Wang J, Zhou Q, Zhang W, Zhang X. Hypoxia-inducible factor-1α mediates aggrecan and collagen II expression via NOTCH1 signaling in nucleus pulposus cells during intervertebral disc degeneration. Biochem Biophys Res Commun. 2017;488(3):554-561. doi: 10.1016/j.bbrc.2017.05.086. PMID: 28526405. | H14: HIF-1α overexpression increased type II collagen | I14: Retained literature where relevant; compartment and direction must match. HIF-1α overexpression increased type II collagen | J14: Yes | K14: No notice found
A15: NPMT-I090 | B15: ROS | C15: DRP1 | D15: =IF(INDEX(Interactions!$C:$C,MATCH(A15,Interactions!$A:$A,0))="inhibition",-1,1) -> 1 | E15: indirect / pathway-level | F15: NP cells | G15: Su S, Wu X, Li B, et al. Inhibition of ERK1/2 mediated activation of Drp1 alleviates intervertebral disc degeneration via suppressing pyroptosis and apoptosis in nucleus pulposus cells. J Orthop Translat. 2025;51:163-175. doi: 10.1016/j.jot.2025.01.013. PMID: 40160807. | H15: Indirect NP evidence: oxidative stress (TBHP) was associated with ERK1/2-dependent Drp1 activation; ROS itself was not established as the direct activator. | I15: Chosen as published experimental evidence; limitations: Indirect NP evidence: oxidative stress (TBHP) was associated with ERK1/2-dependent Drp1 activation; ROS itself was not established as the direct activator. | J15: No | K15: No notice found
A16: NPMT-I092 | B16: MAP3K | C16: ELK1 | D16: =IF(INDEX(Interactions!$C:$C,MATCH(A16,Interactions!$A:$A,0))="inhibition",-1,1) -> 1 | E16: indirect / pathway-level | F16: Other mammalian cells | G16: Cruzalegui FH, Cano E, Treisman R. ERK activation induces phosphorylation of Elk-1 at multiple S/T-P motifs to high stoichiometry. Oncogene. 1999;18:7948-7957. doi: 10.1038/sj.onc.1203362. PMID: 10637505. | H16: Pathway-level only: MAP3K activates downstream MAPK signalling which phosphorylates ELK1. Direct MAP3K-to-ELK1 action not shown. | I16: Chosen as published experimental evidence; limitations: Pathway-level only: MAP3K activates downstream MAPK signalling which phosphorylates ELK1. Direct MAP3K-to-ELK1 action not shown. | J16: No | K16: No notice found
... A41: NPMT-I353 | B41: ROS | C41: MitD | D41: =IF(INDEX(Interactions!$C:$C,MATCH(A41,Interactions!$A:$A,0))="inhibition",-1,1) -> 1 | E41: Supported in NP | F41: See original evidence review / CORPUS metadata | G41: Yang L, Zhu L, Dong W, Cao Y, Lin L, Rong Z, Zhang Z, Wu G. Reactive oxygen species-mediated mitochondrial dysfunction plays a critical role in high glucose-induced nucleus pulposus cell injury. Int Orthop. 2014;38(1):205-206. doi: 10.1007/s00264-013-2144-6. PMID: 24122049. | H41: ROS-mediated mitochondrial dysfunction in NP cells; interpret MitD as mitochondrial dysfunction | I41: Retained literature where relevant; compartment and direction must match. ROS-mediated mitochondrial dysfunction in NP cells; interpret MitD as mitochondrial dysfunction | J41: Yes | K41: No notice found

Sheet Retraction screen
A1: Retraction screen of cited publications
A2: Each DOI cited in the corpus was queried in Crossref on 2026-10-11 for editorial updates linked to the record (retraction, withdrawal, removal, expression of concern), which include the Retraction Watch database. References without a DOI could not be screened this way.
A4: DOI | B4: Title (Crossref) | C4: Year | D4: Found in Crossref | E4: Editorial notices
A5: 10.1002/1529-0131(200103)44:3<595::aid-anr108>3.0.co;2-8 | B5: Peroxisome proliferator-activated receptor ? activators inhibit interleukin-1?-induced nitric oxide and matrix metalloproteinase 13 production in human chondrocytes | C5: 2001 | D5: Yes | E5: None
A6: 10.1002/1529-0131(200110)44:10<2296::aid-art392>3.0.co;2-9 | B6: Synergistic induction of matrix metalloproteinase 1 by interleukin-1? and oncostatin M in human chondrocytes involves signal transducer and activator of transcription and activator protein 1 transcription factors via a novel mechanism | C6: 2001 | D6: Yes | E6: None
A7: 10.1002/advs.202105466 | B7: Prussian Blue Nanoparticles Stabilize SOD1 from Ubiquitination‐Proteasome Degradation to Rescue Intervertebral Disc Degeneration | C7: 2022 | D7: Yes | E7: None
A8: 10.1002/art.23504 | B8: Differential expression of GADD45β in normal and osteoarthritic cartilage: Potential role in homeostasis of articular chondrocytes | C8: 2008 | D8: Yes | E8: None
A9: 10.1002/art.24073 | B9: Cited2 modulates hypoxia‐inducible factor–dependent expression of vascular endothelial growth factor in nucleus pulposus cells of the rat intervertebral disc | C9: 2008 | D9: Yes | E9: None
A10: 10.1002/art.25051 | B10: Rho kinase–dependent activation of SOX9 in chondrocytes | C10: 2009 | D10: Yes | E10: None
A11: 10.1002/art.38791 | B11: Peroxisome Proliferator–Activated Receptor γ Coactivator 1α and FoxO3A Mediate Chondroprotection by AMP‐Activated Protein Kinase | C11: 2014 | D11: Yes | E11: None
A12: 10.1002/art.38868 | B12: FoxO Transcription Factors Support Oxidative Stress Resistance in Human Chondrocytes | C12: 2014 | D12: Yes | E12: None
A13: 10.1002/cbin.11293 | B13: Protective effects of cilengitide on inflammation in chondrocytes under excessive mechanical stress | C13: 2020 | D13: Yes | E13: None
A14: 10.1002/dvdy.20323 | B14: Runx2 regulates FGF2‐induced <i>Bmp2</i> expression during cranial bone development | C14: 2005 | D14: Yes | E14: None
A15: 10.1002/humu.9503 | B15: Genetic variant in theHSPB1 promoter region impairs the HSP27 stress response | C15: 2007 | D15: Yes | E15: None
A16: 10.1002/jbmr.174 | B16: SOX9 determines RUNX2 transactivity by directing intracellular degradation | C16: 2010 | D16: Yes | E16: None
... A239: 10.4049/jimmunol.1402554 | B239: Cutting Edge: Differential Regulation of PTEN by TCR, Akt, and FoxO1 Controls CD4+ T Cell Fate Decisions | C239: 2015 | D239: Yes | E239: None
